arm,day,co2,o2
none,2,201.51200000000017,240.74399999999991
none,3,188.1431120000002,252.31046400000014
none,4,174.77422400000023,263.8769279999998
none,5,161.40533600000026,275.44339199999933
none,6,148.0364480000003,287.0098559999989
none,7,134.66756000000032,298.5763199999984
none,8,121.29867200000035,310.14278399999796
none,9,107.92978400000038,321.7092479999975
none,10,94.56089600000041,333.27571199999704
none,11,81.19200800000044,344.8421759999966
none,12,67.82312000000047,356.4086399999961
none,13,54.4542320000005,367.97510399999567
none,14,41.86392950000053,378.9753239999952
none,15,44.71594400000051,378.74476799999485
none,16,49.9810340000005,376.75924799999444
none,17,55.246124000000485,374.77372799999404
none,18,60.51121400000047,372.78820799999363
none,19,65.77630400000047,370.8026879999932
none,20,71.04139400000045,368.8171679999928
none,21,76.30648400000044,366.8316479999924
none,22,81.42010400000042,364.956287999992
none,23,86.68519400000041,362.9707679999916
none,24,91.9502840000004,360.9852479999912
none,25,97.21537400000038,358.9997279999908
none,26,102.48046400000037,357.0142079999904
none,27,107.74555400000035,355.02868799999
none,28,113.01064400000034,353.0431679999896
none,29,118.27573400000033,351.0576479999892
none,30,122.8059140000003,349.6066079999888
none,31,121.06234850000024,352.71829199998854
none,32,114.57910850000029,359.27701199998813
none,33,103.19091350000032,369.40297199998787
none,34,89.82202550000035,380.9694359999874
none,35,76.45313750000038,392.53589999998695
none,36,63.08424950000041,399.15999999999985
none,37,49.71536150000044,399.15999999999985
none,38,36.34647350000047,399.15999999999985
none,39,22.97758550000046,399.15999999999985
none,40,10.98290140493234,399.15999999999985
none,41,6.795012733116133,399.15999999999985
none,42,5.809701433375102,399.15999999999985
none,43,5.57788095449491,399.15999999999985
none,44,7.532755773396855,398.8011961027443
none,45,13.008974669238174,396.66212781485933
none,46,18.15741843010284,394.761441443321
none,47,23.42250843010284,392.7759214433206
none,48,28.68759843010284,390.7904014433202
none,49,33.95268843010284,388.8048814433198
none,50,39.217778430102825,386.8193614433194
none,51,44.48286843010281,384.833841443319
none,52,49.7479584301028,382.8483214433186
none,53,55.01304843010279,380.8628014433182
none,54,60.278138430102786,378.87728144331777
none,55,65.39175843010278,377.00192144331737
none,56,70.65684843010277,375.01640144331697
none,57,75.92193843010276,373.03088144331656
none,58,81.18702843010274,371.04536144331615
none,59,86.45211843010273,369.05984144331575
none,60,87.95916843010268,369.80744144331544
none,61,83.80826943010273,374.6699134433151
none,62,74.55981093010274,383.2397014433148
none,63,80.3656368375454,394.80616544331434
none,64,67.56698883754544,399.15999999999985
none,65,54.76834083754548,399.15999999999985
none,66,41.96969283754552,399.15999999999985
none,67,29.171044837545544,399.15999999999985
none,68,16.37239683754553,399.15999999999985
none,69,8.376680151433783,399.15999999999985
none,70,6.306721406376305,399.15999999999985
none,71,5.797534904440237,399.15999999999985
none,72,5.672280768640208,399.15999999999985
none,73,5.8379344223248335,399.1380765761953
none,74,10.500617660770665,397.5906705845981
none,75,15.89262027107279,395.51285050437804
none,76,21.15771027107279,393.52733050437763
none,77,26.42280027107279,391.5418105043772
none,78,31.687890271072792,389.5562905043768
none,79,36.95298027107279,387.5707705043764
none,80,42.21807027107278,385.585250504376
none,81,47.33169027107277,383.7098905043756
none,82,52.59678027107276,381.7243705043752
none,83,57.861870271072746,379.7388505043748
none,84,63.12696027107273,377.7533305043744
none,85,68.39205027107272,375.767810504374
none,86,73.6571402710727,373.7822905043736
none,87,78.92223027107269,371.79677050437317
none,88,84.18732027107268,369.81125050437277
none,89,88.71750027107265,368.3602105043724
none,90,113.2493748895443,371.44597450437215
none,91,106.58694488954434,378.1350145043717
none,92,94.78641488954436,388.56085450437143
none,93,80.70076688954437,399.15999999999985
none,94,168.66592995266132,399.15999999999985
none,95,154.55176995266123,399.15999999999985
none,96,186.59775856494056,399.15999999999985
none,97,171.34311856494045,399.15999999999985
none,98,156.08847856494035,399.15999999999985
none,99,140.83383856494024,399.15999999999985
none,100,125.57919856494013,399.15999999999985
none,101,110.32455856494002,399.15999999999985
none,102,95.06991856493991,399.15999999999985
none,103,88.43421856493983,399.15999999999985
none,104,93.44982856493982,397.35591999999946
none,105,98.5634485649398,395.48055999999906
none,106,103.82853856493979,393.49503999999865
none,107,109.09362856493978,391.50951999999825
none,108,114.35871856493976,389.52399999999784
none,109,119.62380856493975,387.53847999999743
none,110,124.88889856493974,385.55295999999703
none,111,130.1539885649397,383.5674399999966
none,112,135.41907856493972,381.5819199999962
none,113,140.68416856493974,379.5963999999958
none,114,145.79778856493976,377.7210399999954
none,115,151.0628785649398,375.735519999995
none,116,156.32796856493985,373.7499999999946
none,117,161.5930585649399,371.7644799999942
none,118,166.85814856493994,369.7789599999938
none,119,168.36519856494004,370.5265599999935
none,120,163.7629585649399,375.7172799999933
none,121,153.04796356493995,385.35363999999356
none,122,137.79332356493984,398.29155999999386
none,123,122.53868356493973,399.15999999999985
none,124,107.28404356493962,399.15999999999985
none,125,92.03030817743951,399.15999999999985
none,126,76.7756681774394,399.15999999999985
none,127,61.52102817743933,399.15999999999985
none,128,46.26638817743933,399.15999999999985
none,129,31.011748177439337,399.15999999999985
none,130,15.757108177439342,399.15999999999985
none,131,7.350354252225145,399.15999999999985
none,132,5.827831632010968,399.13784265184484
none,133,10.411196826783714,397.6481225101916
none,134,15.807804642344154,395.5669531897837
none,135,21.072894642344156,393.5814331897833
none,136,26.337984642344157,391.5959131897829
none,137,31.603074642344158,389.6103931897825
none,138,36.868164642344155,387.6248731897821
none,139,42.13325464234415,385.6393531897817
none,140,47.24687464234414,383.7639931897813
none,141,52.511964642344125,381.77847318978087
none,142,57.77705464234411,379.79295318978046
none,143,63.0421446423441,377.80743318978006
none,144,68.30723464234408,375.82191318977965
none,145,73.57232464234407,373.83639318977924
none,146,78.83741464234406,371.85087318977884
none,147,84.10250464234404,369.86535318977843
none,148,88.63268464234402,368.41431318977806
none,149,86.69997964234395,371.6635531897779
none,150,78.95943964234394,379.1366731897779
none,151,65.99169964234386,390.41139318977815
none,152,50.73705964234386,399.15999999999985
none,153,35.482419642343864,399.15999999999985
none,154,20.22777964234387,399.15999999999985
none,155,8.738972859983868,399.15999999999985
none,156,5.873170556584405,399.15999999999985
none,157,5.291746877574729,399.15999999999985
none,158,5.173785672047,399.15999999999985
none,159,5.149853303084566,399.15999999999985
none,160,5.144997823000315,399.15999999999985
none,161,5.144012726753239,399.15999999999985
none,162,7.161263329933439,398.75905903001217
none,163,12.625643455603374,396.62860075679725
none,164,17.789934303889268,394.7163892307708
none,165,23.05502430388927,392.7308692307704
none,166,28.32011430388927,390.74534923077
none,167,33.58520430388927,388.7598292307696
none,168,38.85029430388926,386.7743092307692
none,169,44.11538430388924,384.78878923076877
none,170,49.38047430388923,382.80326923076836
none,171,54.64556430388922,380.81774923076796
none,172,59.91065430388922,378.83222923076755
none,173,65.0242743038892,376.95686923076715
none,174,70.28936430388919,374.97134923076675
none,175,75.55445430388917,372.98582923076634
none,176,80.81954430388916,371.00030923076594
none,177,86.08463430388915,369.01478923076553
none,178,87.5916843038891,369.7623892307652
none,179,82.98944430388912,374.95310923076505
none,180,72.28475371888904,384.58197511076526
none,181,57.03011371888899,397.51989511076556
none,182,41.777703693888974,399.15999999999985
none,183,26.52306369388898,399.15999999999985
none,184,11.981907875741543,399.15999999999985
none,185,6.531108197786833,399.15999999999985
none,186,5.4252314949375835,399.15999999999985
none,187,5.200867483386967,399.15999999999985
none,188,5.155347752706877,399.15999999999985
none,189,5.146112555551737,399.15999999999985
none,190,5.144238887469346,399.15999999999985
none,191,5.348583354329322,399.1267459311775
none,192,10.03634987612027,397.56109755169285
none,193,15.452262445073085,395.46588841063584
none,194,20.717352445073086,393.48036841063544
none,195,25.982442445073087,391.49484841063503
none,196,31.247532445073087,389.5093284106346
none,197,36.51262244507308,387.5238084106342
none,198,41.77771244507307,385.5382884106338
none,199,46.89133244507306,383.6629284106334
none,200,52.15642244507305,381.677408410633
none,201,57.421512445073034,379.6918884106326
none,202,62.68660244507302,377.7063684106322
none,203,67.95169244507301,375.7208484106318
none,204,73.216782445073,373.7353284106314
none,205,78.48187244507298,371.749808410631
none,206,83.74696244507297,369.76428841063057
none,207,88.27714244507294,368.3132484106302
none,208,86.34443744507287,371.56248841063
none,209,78.60389744507286,379.03560841063006
none,210,65.63615744507278,390.3103284106303
none,211,73.246505415515,399.15999999999985
none,212,58.020377415514986,399.15999999999985
none,213,42.79424941551497,399.15999999999985
none,214,27.568121415514952,399.15999999999985
none,215,36.41561997999809,399.15999999999985
none,216,21.04693197999807,399.15999999999985
none,217,9.012572609164057,399.15999999999985
none,218,5.905847833009577,399.15999999999985
none,219,5.281194027355548,399.15999999999985
none,220,5.155597972013614,399.15999999999985
none,221,7.154655892977869,398.7583095718294
none,222,12.620384002161906,396.62687094696787
none,223,17.78489227865482,394.71450129133626
none,224,23.04998227865482,392.72898129133586
none,225,28.31507227865482,390.74346129133545
none,226,33.580162278654825,388.75794129133504
none,227,38.84525227865481,386.77242129133464
none,228,44.1103422786548,384.78690129133423
none,229,49.375432278654785,382.8013812913338
none,230,54.64052227865478,380.8158612913334
none,231,59.90561227865477,378.830341291333
none,232,65.01923227865475,376.9549812913326
none,233,70.28432227865474,374.9694612913322
none,234,75.54941227865473,372.9839412913318
none,235,80.81450227865471,370.9984212913314
none,236,86.0795922786547,369.012901291331
none,237,87.58842427865464,369.7592052913307
none,238,82.98440227865458,374.95122129133074
none,239,72.2355492786546,384.61220529133067
none,240,56.86686127865458,397.63306929133074
none,241,41.49817327865456,399.15999999999985
none,242,26.129485278654542,399.15999999999985
none,243,11.639915623843258,399.15999999999985
none,244,6.4341147157005345,399.15999999999985
none,245,5.387410040182521,399.15999999999985
none,246,5.176954301078555,399.15999999999985
none,247,5.134639005123775,399.15999999999985
none,248,5.126130877574658,399.15999999999985
none,249,5.124420190392664,399.15999999999985
none,250,5.329133398620726,399.1262955785408
none,251,10.01938571604839,397.558839347684
none,252,15.436171945374104,395.4629948172649
none,253,20.701261945374107,393.4774748172645
none,254,25.966351945374107,391.4919548172641
none,255,31.231441945374108,389.5064348172637
none,256,36.4965319453741,387.5209148172633
none,257,41.761621945374095,385.5353948172629
none,258,46.875241945374086,383.6600348172625
none,259,52.14033194537407,381.6745148172621
none,260,57.40542194537406,379.6889948172617
none,261,62.670511945374045,377.7034748172613
none,262,67.93560194537403,375.7179548172609
none,263,73.20069194537402,373.73243481726047
none,264,78.465781945374,371.74691481726006
none,265,83.73087194537399,369.76139481725966
none,266,88.26105194537396,368.3103548172593
none,267,86.32656494537387,371.5608908172591
none,268,78.56998694537381,379.0456748172589
none,269,65.49710894537381,390.3968588172589
none,270,105.39039486655038,399.15999999999985
none,271,89.59402686655035,399.15999999999985
none,272,73.79765886655032,399.15999999999985
none,273,58.00129086655029,399.15999999999985
none,274,176.785435817044,399.15999999999985
none,275,161.91570781704388,399.15999999999985
none,276,147.04597981704376,399.15999999999985
none,277,132.17625181704364,399.15999999999985
none,278,117.3065238170437,399.15999999999985
none,279,207.2437968551064,399.15999999999985
none,280,201.60245285510638,399.0491199999998
none,281,206.79358985510635,397.1173839999994
none,282,212.13886985510632,395.07354399999895
none,283,217.5777048551063,392.9616639999985
none,284,223.0165398551063,390.84978399999807
none,285,228.45537485510627,388.7379039999976
none,286,233.89420985510625,386.6260239999972
none,287,239.33304485510624,384.51414399999675
none,288,244.77187985510622,382.4022639999963
none,289,250.2107148551062,380.29038399999587
none,290,255.6495498551062,378.1785039999954
none,291,260,376.134663999995
none,292,260,374.02219035099455
none,293,260,371.9103103509941
none,294,260,369.79843035099367
none,295,260,367.68655035099323
none,296,260,368.2222543509929
none,297,256.4562680000001,372.64315035099287
none,298,247.51614500000014,380.98869435099294
none,299,233.78689700000004,392.8172383509929
none,300,260,399.15999999999985
none,301,245.27283200000002,399.15999999999985
worms,2,201.51200000000017,240.74399999999991
worms,3,188.1431120000002,252.31046400000014
worms,4,174.77422400000023,263.8769279999998
worms,5,161.40533600000026,275.44339199999933
worms,6,148.0364480000003,287.0098559999989
worms,7,134.66756000000032,298.5763199999984
worms,8,121.29867200000035,310.14278399999796
worms,9,107.92978400000038,321.7092479999975
worms,10,94.56089600000041,333.27571199999704
worms,11,81.19200800000044,344.8421759999966
worms,12,67.82312000000047,356.4086399999961
worms,13,54.4542320000005,367.97510399999567
worms,14,41.86392950000053,378.9753239999952
worms,15,44.71594400000051,378.74476799999485
worms,16,49.9810340000005,376.75924799999444
worms,17,55.246124000000485,374.77372799999404
worms,18,60.51121400000047,372.78820799999363
worms,19,65.77630400000047,370.8026879999932
worms,20,71.04139400000045,368.8171679999928
worms,21,76.30648400000044,366.8316479999924
worms,22,81.42010400000042,364.956287999992
worms,23,86.68519400000041,362.9707679999916
worms,24,91.9502840000004,360.9852479999912
worms,25,97.21537400000038,358.9997279999908
worms,26,102.48046400000037,357.0142079999904
worms,27,107.74555400000035,355.02868799999
worms,28,113.01064400000034,353.0431679999896
worms,29,118.27573400000033,351.0576479999892
worms,30,122.8059140000003,349.6066079999888
worms,31,121.06234850000024,352.71829199998854
worms,32,114.57910850000029,359.27701199998813
worms,33,103.19091350000032,369.40297199998787
worms,34,89.82202550000035,380.9694359999874
worms,35,76.45313750000038,392.53589999998695
worms,36,63.08424950000041,399.15999999999985
worms,37,49.71536150000044,399.15999999999985
worms,38,36.34647350000047,399.15999999999985
worms,39,22.97758550000046,399.15999999999985
worms,40,10.98290140493234,399.15999999999985
worms,41,6.795012733116133,399.15999999999985
worms,42,5.809701433375102,399.15999999999985
worms,43,5.57788095449491,399.15999999999985
worms,44,7.532755773396855,398.8011961027443
worms,45,13.008974669238174,396.66212781485933
worms,46,18.15741843010284,394.761441443321
worms,47,23.42250843010284,392.7759214433206
worms,48,28.68759843010284,390.7904014433202
worms,49,33.95268843010284,388.8048814433198
worms,50,39.217778430102825,386.8193614433194
worms,51,44.48286843010281,384.833841443319
worms,52,49.7479584301028,382.8483214433186
worms,53,55.01304843010279,380.8628014433182
worms,54,60.278138430102786,378.87728144331777
worms,55,65.39175843010278,377.00192144331737
worms,56,70.65684843010277,375.01640144331697
worms,57,75.92193843010276,373.03088144331656
worms,58,81.18702843010274,371.04536144331615
worms,59,86.45211843010273,369.05984144331575
worms,60,87.95916843010268,369.80744144331544
worms,61,83.80826943010273,374.6699134433151
worms,62,74.55981093010274,383.2397014433148
worms,63,80.3656368375454,394.80616544331434
worms,64,67.93598883754544,398.8899999999999
worms,65,55.50634083754548,398.8899999999999
worms,66,43.07669283754552,398.8899999999999
worms,67,30.647044837545547,398.8899999999999
worms,68,18.217396837545532,398.8899999999999
worms,69,9.394893216054344,398.8899999999999
worms,70,6.926190334724608,398.8899999999999
worms,71,6.318917273140535,398.8899999999999
worms,72,6.169534950093603,398.8899999999999
worms,73,32.6468638500096,398.87107286926215
worms,74,35.823080850009596,398.2634799999997
worms,75,41.45717085000958,396.0079599999993
worms,76,47.09126085000957,393.7524399999989
worms,77,52.725350850009555,391.4969199999985
worms,78,58.35944085000954,389.2413999999981
worms,79,63.993530850009535,386.98587999999774
worms,80,69.62762085000952,384.73035999999735
worms,81,75.1102408500095,382.58499999999697
worms,82,80.74433085000949,380.3294799999966
worms,83,86.37842085000948,378.0739599999962
worms,84,92.01251085000946,375.8184399999958
worms,85,97.64660085000945,373.5629199999954
worms,86,103.28069085000944,371.307399999995
worms,87,108.91478085000942,369.05187999999464
worms,88,114.54887085000941,366.79635999999425
worms,89,119.44805085000938,365.0753199999939
worms,90,118.02868785000932,367.94958399999365
worms,91,111.73525785000936,374.36862399999325
worms,92,100.30372785000938,384.524463999993
worms,93,167.57584485208292,396.34220799999247
worms,94,173.77695659985218,398.8899999999999
worms,95,160.0317965998521,398.8899999999999
worms,96,192.73838399337862,398.8899999999999
worms,97,177.8527439933785,398.8899999999999
worms,98,162.9671039933784,398.8899999999999
worms,99,148.0814639933783,398.8899999999999
worms,100,133.19582399337818,398.8899999999999
worms,101,118.31018399337808,398.8899999999999
worms,102,103.42454399337797,398.8899999999999
worms,103,97.15784399337788,398.8899999999999
worms,104,102.54245399337788,396.8159199999995
worms,105,108.02507399337786,394.6705599999991
worms,106,113.65916399337785,392.4150399999987
worms,107,119.29325399337783,390.15951999999834
worms,108,124.92734399337782,387.90399999999795
worms,109,130.5614339933778,385.64847999999756
worms,110,136.19552399337783,383.3929599999972
worms,111,141.82961399337788,381.1374399999968
worms,112,147.4637039933779,378.8819199999964
worms,113,153.0977939933779,376.626399999996
worms,114,158.58041399337793,374.48103999999563
worms,115,164.21450399337797,372.22551999999524
worms,116,169.84859399337802,369.96999999999485
worms,117,175.48268399337806,367.71447999999447
worms,118,181.1167739933781,365.4589599999941
worms,119,182.9928239933782,365.9365599999938
worms,120,178.75958399337807,370.85727999999364
worms,121,168.4135889933781,380.2236399999939
worms,122,153.527948993378,392.89155999999423
worms,123,138.6423089933779,398.8899999999999
worms,124,123.75666899337779,398.8899999999999
worms,125,108.87102899337768,398.8899999999999
worms,126,93.98538899337757,398.8899999999999
worms,127,79.09998040587746,398.8899999999999
worms,128,64.21434040587737,398.8899999999999
worms,129,49.32870040587737,398.8899999999999
worms,130,34.443060405877375,398.8899999999999
worms,131,19.55742040587738,398.8899999999999
worms,132,9.302168289170165,398.8899999999999
worms,133,13.49767034137705,397.6807257802128
worms,134,19.1420711772873,395.4177069904595
worms,135,24.7761611772873,393.16218699045913
worms,136,30.4102511772873,390.90666699045875
worms,137,36.04434117728729,388.65114699045836
worms,138,41.67843117728729,386.39562699045797
worms,139,47.31252117728728,384.1401069904576
worms,140,52.79514117728727,381.9947469904572
worms,141,58.42923117728726,379.7392269904568
worms,142,64.06332117728724,377.4837069904564
worms,143,69.69741117728722,375.22818699045604
worms,144,75.33150117728721,372.97266699045565
worms,145,80.9655911772872,370.71714699045526
worms,146,86.59968117728718,368.4616269904549
worms,147,92.23377117728717,366.2061069904545
worms,148,97.13295117728714,364.48506699045413
worms,149,95.56924617728707,367.46430699045396
worms,150,88.19770617728706,374.66742699045403
worms,151,75.59896617728698,385.6721469904543
worms,152,60.713326177286916,398.3400669904546
worms,153,45.82768617728692,398.8899999999999
worms,154,30.942046177286926,398.8899999999999
worms,155,16.05640617728693,398.8899999999999
worms,156,7.79347580197027,398.8899999999999
worms,157,6.050344910652379,398.8899999999999
worms,158,5.696692610693224,398.8899999999999
worms,159,5.624942434106173,398.8899999999999
worms,160,5.610385515231711,398.8899999999999
worms,161,5.607432158219961,398.8899999999999
worms,162,7.7108368890553685,398.5095408495703
worms,163,13.506214577544089,396.13672071248726
worms,164,19.004070326753965,393.98028016760696
worms,165,24.638160326753965,391.7247601676066
worms,166,30.272250326753966,389.4692401676062
worms,167,35.90634032675396,387.2137201676058
worms,168,41.54043032675395,384.9582001676054
worms,169,47.174520326753935,382.702680167605
worms,170,52.80861032675392,380.44716016760464
worms,171,58.442700326753915,378.19164016760425
worms,172,64.07679032675391,375.93612016760386
worms,173,69.5594103267539,373.7907601676035
worms,174,75.19350032675389,371.5352401676031
worms,175,80.82759032675388,369.2797201676027
worms,176,86.46168032675386,367.0242001676023
worms,177,92.09577032675385,364.76868016760193
worms,178,93.9718203267538,365.24628016760164
worms,179,89.73858032675382,370.1670001676015
worms,180,79.40288974175374,379.5258660476017
worms,181,64.51724974175364,392.19378604760203
worms,182,49.63160974175365,398.8899999999999
worms,183,34.745969741753655,398.8899999999999
worms,184,19.861234354253646,398.8899999999999
worms,185,8.97271681138399,398.8899999999999
worms,186,6.289593321235024,398.8899999999999
worms,187,5.745232138668747,398.8899999999999
worms,188,5.634790297965955,398.8899999999999
worms,189,5.612383483210502,398.8899999999999
worms,190,5.607837512731468,398.8899999999999
worms,191,5.818293791436061,398.8590778239373
worms,192,10.772736746858724,397.0978465836296
worms,193,16.51972512590996,394.76021867159193
worms,194,22.15381512590996,392.50469867159154
worms,195,27.787905125909962,390.24917867159115
worms,196,33.42199512590996,387.99365867159077
worms,197,39.05608512590995,385.7381386715904
worms,198,44.690175125909946,383.48261867159
worms,199,50.172795125909936,381.3372586715896
worms,200,55.80688512590992,379.0817386715892
worms,201,61.44097512590991,376.82621867158883
worms,202,67.07506512590989,374.57069867158845
worms,203,72.46315512590984,372.49517867158806
worms,204,77.72824512590982,370.50965867158766
worms,205,82.99333512590981,368.52413867158725
worms,206,88.2584251259098,366.53861867158685
worms,207,92.78860512590977,365.08757867158647
worms,208,90.8559001259097,368.3368186715863
worms,209,105.92113408944098,375.80993867158634
worms,210,93.35090608944098,386.7939226715862
worms,211,78.49377808944097,398.8899999999999
worms,212,63.63665008944095,398.8899999999999
worms,213,72.38747252958353,398.8899999999999
worms,214,57.38778452958351,398.8899999999999
worms,215,42.38809652958349,398.8899999999999
worms,216,27.388408529583472,398.8899999999999
worms,217,12.87748248537962,398.8899999999999
worms,218,7.051946171819054,398.8899999999999
worms,219,5.880634359401074,398.8899999999999
worms,220,5.645124478754335,398.8899999999999
worms,221,7.713545498285443,398.5098480775265
worms,222,13.509696583082825,396.13646547040076
worms,223,19.007444895011805,393.9801030617248
worms,224,24.641534895011805,391.7245830617244
worms,225,30.275624895011806,389.469063061724
worms,226,35.9097148950118,387.2135430617236
worms,227,41.54380489501179,384.9580230617232
worms,228,47.177894895011775,382.70250306172284
worms,229,52.81198489501176,380.44698306172245
worms,230,58.446074895011755,378.19146306172206
worms,231,64.08016489501175,375.9359430617217
worms,232,69.56278489501175,373.7905830617213
worms,233,75.19687489501173,371.5350630617209
worms,234,80.83096489501172,369.2795430617205
worms,235,86.4650548950117,367.02402306172013
worms,236,92.09914489501169,364.76850306171974
worms,237,93.97697689501163,365.2448070617195
worms,238,89.74195489501157,370.1668230617195
worms,239,79.36210189501159,379.5578070617195
worms,240,64.36241389501157,392.30867106171956
worms,241,49.36495587001153,398.8899999999999
worms,242,34.36526787001151,398.8899999999999
worms,243,19.365579870011487,398.8899999999999
worms,244,8.74615537522306,398.8899999999999
worms,245,61.11164997679117,398.8899999999999
worms,246,45.68428197679114,398.8899999999999
worms,247,30.25691397679111,398.8899999999999
worms,248,14.871112917793223,398.8899999999999
worms,249,7.347745454974529,398.8899999999999
worms,250,6.106191485924873,398.865743930933
worms,251,10.985830736598562,397.1589153849882
worms,252,16.721891890728813,394.8292345456204
worms,253,22.355981890728813,392.57371454562
worms,254,27.990071890728814,390.31819454561963
worms,255,33.624161890728814,388.06267454561925
worms,256,39.25825189072881,385.80715454561886
worms,257,44.8923418907288,383.55163454561847
worms,258,50.37496189072879,381.4062745456181
worms,259,56.00905189072878,379.1507545456177
worms,260,61.643141890728764,376.8952345456173
worms,261,67.27723189072874,374.6397145456169
worms,262,72.91132189072873,372.38419454561654
worms,263,78.54541189072872,370.12867454561615
worms,264,84.1795018907287,367.87315454561576
worms,265,89.81359189072869,365.6176345456154
worms,266,94.71277189072866,363.896594545615
worms,267,93.12055489072857,366.89657054561485
worms,268,220.0254641616657,374.18911454561453
worms,269,207.9541961616656,384.81021854561413
worms,270,193.45346816166548,397.19820254561364
worms,271,178.95274016166536,398.8899999999999
worms,272,164.45201216166524,398.8899999999999
worms,273,149.95128416166511,398.8899999999999
worms,274,240.79548212353674,398.8899999999999
worms,275,227.43523412353665,398.8899999999999
worms,276,257.31850278001093,398.8899999999999
worms,277,242.960334780011,398.8899999999999
worms,278,228.60216678001112,398.8899999999999
worms,279,214.24399878001122,398.8899999999999
worms,280,228.0399980612019,398.7791199999998
worms,281,233.5359830612019,396.6240399999994
worms,282,239.25026306120188,394.310199999999
worms,283,245.05809806120186,391.92831999999856
worms,284,250.86593306120184,389.54643999999814
worms,285,256.6737680612018,387.1645599999977
worms,286,260,384.7826799999973
worms,287,260,382.4007999999969
worms,288,260,380.01891999999646
worms,289,260,377.63703999999603
worms,290,260,375.2551599999956
worms,291,260,372.9413199999952
worms,292,260,370.55943999999477
worms,293,260,368.17755999999434
worms,294,260,365.7956799999939
worms,295,260,363.4137999999935
worms,296,260,363.7261599999932
worms,297,255.80240000000006,368.620959999993
worms,298,245.76825500000012,377.76051999999294
worms,299,230.38365500000012,390.79131999999294
worms,300,214.9990550000001,398.8899999999999
worms,301,199.6144550000001,398.8899999999999
nitrifier,2,201.51200000000017,240.74399999999991
nitrifier,3,188.1431120000002,252.31046400000014
nitrifier,4,174.77422400000023,263.8769279999998
nitrifier,5,161.40533600000026,275.44339199999933
nitrifier,6,148.0364480000003,287.0098559999989
nitrifier,7,134.66756000000032,298.5763199999984
nitrifier,8,121.29867200000035,310.14278399999796
nitrifier,9,107.92978400000038,321.7092479999975
nitrifier,10,94.56089600000041,333.27571199999704
nitrifier,11,81.19200800000044,344.8421759999966
nitrifier,12,67.82312000000047,356.4086399999961
nitrifier,13,54.4542320000005,367.97510399999567
nitrifier,14,41.86392950000053,378.9753239999952
nitrifier,15,44.71594400000051,378.74476799999485
nitrifier,16,49.9810340000005,376.75924799999444
nitrifier,17,55.246124000000485,374.77372799999404
nitrifier,18,60.51121400000047,372.78820799999363
nitrifier,19,65.77630400000047,370.8026879999932
nitrifier,20,71.04139400000045,368.8171679999928
nitrifier,21,76.30648400000044,366.8316479999924
nitrifier,22,81.42010400000042,364.956287999992
nitrifier,23,86.68519400000041,362.9707679999916
nitrifier,24,91.9502840000004,360.9852479999912
nitrifier,25,97.21537400000038,358.9997279999908
nitrifier,26,102.48046400000037,357.0142079999904
nitrifier,27,107.74555400000035,355.02868799999
nitrifier,28,113.01064400000034,353.0431679999896
nitrifier,29,118.27573400000033,351.0576479999892
nitrifier,30,122.8059140000003,349.6066079999888
nitrifier,31,121.06234850000024,352.71829199998854
nitrifier,32,114.57910850000029,359.27701199998813
nitrifier,33,103.19091350000032,369.40297199998787
nitrifier,34,89.82202550000035,380.9694359999874
nitrifier,35,76.45313750000038,392.53589999998695
nitrifier,36,63.08424950000041,399.15999999999985
nitrifier,37,49.71536150000044,399.15999999999985
nitrifier,38,36.34647350000047,399.15999999999985
nitrifier,39,22.97758550000046,399.15999999999985
nitrifier,40,10.98290140493234,399.15999999999985
nitrifier,41,6.795012733116133,399.15999999999985
nitrifier,42,5.809701433375102,399.15999999999985
nitrifier,43,5.57788095449491,399.15999999999985
nitrifier,44,7.532755773396855,398.8011961027443
nitrifier,45,13.008974669238174,396.66212781485933
nitrifier,46,18.15741843010284,394.761441443321
nitrifier,47,23.42250843010284,392.7759214433206
nitrifier,48,28.68759843010284,390.7904014433202
nitrifier,49,33.95268843010284,388.8048814433198
nitrifier,50,39.217778430102825,386.8193614433194
nitrifier,51,44.48286843010281,384.833841443319
nitrifier,52,49.7479584301028,382.8483214433186
nitrifier,53,55.01304843010279,380.8628014433182
nitrifier,54,60.278138430102786,378.87728144331777
nitrifier,55,65.39175843010278,377.00192144331737
nitrifier,56,70.65684843010277,375.01640144331697
nitrifier,57,75.92193843010276,373.03088144331656
nitrifier,58,81.18702843010274,371.04536144331615
nitrifier,59,86.45211843010273,369.05984144331575
nitrifier,60,87.95916843010268,369.80744144331544
nitrifier,61,83.80826943010273,374.6699134433151
nitrifier,62,74.55981093010274,383.2397014433148
nitrifier,63,80.3656368375454,394.80616544331434
nitrifier,64,67.56698883754544,399.15999999999985
nitrifier,65,54.76834083754548,399.15999999999985
nitrifier,66,41.96969283754552,399.15999999999985
nitrifier,67,29.171044837545544,399.15999999999985
nitrifier,68,16.37239683754553,399.15999999999985
nitrifier,69,8.376680151433783,399.15999999999985
nitrifier,70,6.306721406376305,399.15999999999985
nitrifier,71,5.797534904440237,399.15999999999985
nitrifier,72,5.672280768640208,399.15999999999985
nitrifier,73,5.8379344223248335,399.1380765761953
nitrifier,74,10.500617660770665,397.5906705845981
nitrifier,75,15.89262027107279,395.51285050437804
nitrifier,76,21.15771027107279,393.52733050437763
nitrifier,77,26.42280027107279,391.5418105043772
nitrifier,78,31.687890271072792,389.5562905043768
nitrifier,79,36.95298027107279,387.5707705043764
nitrifier,80,42.21807027107278,385.585250504376
nitrifier,81,47.33169027107277,383.7098905043756
nitrifier,82,52.59678027107276,381.7243705043752
nitrifier,83,57.861870271072746,379.7388505043748
nitrifier,84,63.12696027107273,377.7533305043744
nitrifier,85,68.39205027107272,375.767810504374
nitrifier,86,73.6571402710727,373.7822905043736
nitrifier,87,78.92223027107269,371.79677050437317
nitrifier,88,84.18732027107268,369.81125050437277
nitrifier,89,88.71750027107265,368.3602105043724
nitrifier,90,113.2493748895443,371.44597450437215
nitrifier,91,106.58694488954434,378.1350145043717
nitrifier,92,94.78641488954436,388.56085450437143
nitrifier,93,80.70076688954437,399.15999999999985
nitrifier,94,168.66592995266132,399.15999999999985
nitrifier,95,154.55176995266123,399.15999999999985
nitrifier,96,186.59775856494056,399.15999999999985
nitrifier,97,171.34311856494045,399.15999999999985
nitrifier,98,156.08847856494035,399.15999999999985
nitrifier,99,140.83383856494024,399.15999999999985
nitrifier,100,125.57919856494013,399.15999999999985
nitrifier,101,110.32455856494002,399.15999999999985
nitrifier,102,95.06991856493991,399.15999999999985
nitrifier,103,88.43421856493983,399.15999999999985
nitrifier,104,93.44982856493982,397.35591999999946
nitrifier,105,98.5634485649398,395.48055999999906
nitrifier,106,103.82853856493979,393.49503999999865
nitrifier,107,109.09362856493978,391.50951999999825
nitrifier,108,114.35871856493976,389.52399999999784
nitrifier,109,119.62380856493975,387.53847999999743
nitrifier,110,124.88889856493974,385.55295999999703
nitrifier,111,130.1539885649397,383.5674399999966
nitrifier,112,135.41907856493972,381.5819199999962
nitrifier,113,140.68416856493974,379.5963999999958
nitrifier,114,145.79778856493976,377.7210399999954
nitrifier,115,151.0628785649398,375.735519999995
nitrifier,116,156.32796856493985,373.7499999999946
nitrifier,117,161.5930585649399,371.7644799999942
nitrifier,118,166.85814856493994,369.7789599999938
nitrifier,119,168.36519856494004,370.5265599999935
nitrifier,120,163.7629585649399,375.7172799999933
nitrifier,121,153.04796356493995,385.35363999999356
nitrifier,122,137.79332356493984,398.29155999999386
nitrifier,123,122.53868356493973,399.15999999999985
nitrifier,124,107.28404356493962,399.15999999999985
nitrifier,125,92.03030817743951,399.15999999999985
nitrifier,126,76.7756681774394,399.15999999999985
nitrifier,127,61.52102817743933,399.15999999999985
nitrifier,128,46.26638817743933,399.15999999999985
nitrifier,129,31.011748177439337,399.15999999999985
nitrifier,130,15.757108177439342,399.15999999999985
nitrifier,131,7.350354252225145,399.15999999999985
nitrifier,132,5.827831632010968,399.13784265184484
nitrifier,133,10.411196826783714,397.6481225101916
nitrifier,134,15.807804642344154,395.5669531897837
nitrifier,135,21.072894642344156,393.5814331897833
nitrifier,136,26.337984642344157,391.5959131897829
nitrifier,137,31.603074642344158,389.6103931897825
nitrifier,138,36.868164642344155,387.6248731897821
nitrifier,139,42.13325464234415,385.6393531897817
nitrifier,140,47.24687464234414,383.7639931897813
nitrifier,141,52.511964642344125,381.77847318978087
nitrifier,142,57.77705464234411,379.79295318978046
nitrifier,143,63.0421446423441,377.80743318978006
nitrifier,144,68.30723464234408,375.82191318977965
nitrifier,145,73.57232464234407,373.83639318977924
nitrifier,146,78.83741464234406,371.85087318977884
nitrifier,147,84.10250464234404,369.86535318977843
nitrifier,148,88.63268464234402,368.41431318977806
nitrifier,149,86.69997964234395,371.6635531897779
nitrifier,150,78.95943964234394,379.1366731897779
nitrifier,151,65.99169964234386,390.41139318977815
nitrifier,152,50.73705964234386,399.15999999999985
nitrifier,153,35.482419642343864,399.15999999999985
nitrifier,154,20.22777964234387,399.15999999999985
nitrifier,155,8.738972859983868,399.15999999999985
nitrifier,156,5.873170556584405,399.15999999999985
nitrifier,157,5.291746877574729,399.15999999999985
nitrifier,158,5.173785672047,399.15999999999985
nitrifier,159,5.149853303084566,399.15999999999985
nitrifier,160,5.144997823000315,399.15999999999985
nitrifier,161,5.144012726753239,399.15999999999985
nitrifier,162,7.161263329933439,398.75905903001217
nitrifier,163,12.625643455603374,396.62860075679725
nitrifier,164,17.789934303889268,394.7163892307708
nitrifier,165,23.05502430388927,392.7308692307704
nitrifier,166,28.32011430388927,390.74534923077
nitrifier,167,33.58520430388927,388.7598292307696
nitrifier,168,38.85029430388926,386.7743092307692
nitrifier,169,44.11538430388924,384.78878923076877
nitrifier,170,49.38047430388923,382.80326923076836
nitrifier,171,54.64556430388922,380.81774923076796
nitrifier,172,59.91065430388922,378.83222923076755
nitrifier,173,65.0242743038892,376.95686923076715
nitrifier,174,70.28936430388919,374.97134923076675
nitrifier,175,75.55445430388917,372.98582923076634
nitrifier,176,80.81954430388916,371.00030923076594
nitrifier,177,86.08463430388915,369.01478923076553
nitrifier,178,87.5916843038891,369.7623892307652
nitrifier,179,82.98944430388912,374.95310923076505
nitrifier,180,72.28475371888904,384.58197511076526
nitrifier,181,57.03011371888899,397.51989511076556
nitrifier,182,41.777703693888974,399.15999999999985
nitrifier,183,26.52306369388898,399.15999999999985
nitrifier,184,11.981907875741543,399.15999999999985
nitrifier,185,6.531108197786833,399.15999999999985
nitrifier,186,5.4252314949375835,399.15999999999985
nitrifier,187,5.200867483386967,399.15999999999985
nitrifier,188,5.155347752706877,399.15999999999985
nitrifier,189,5.146112555551737,399.15999999999985
nitrifier,190,5.144238887469346,399.15999999999985
nitrifier,191,5.348583354329322,399.1267459311775
nitrifier,192,10.03634987612027,397.56109755169285
nitrifier,193,15.452262445073085,395.46588841063584
nitrifier,194,20.717352445073086,393.48036841063544
nitrifier,195,25.982442445073087,391.49484841063503
nitrifier,196,31.247532445073087,389.5093284106346
nitrifier,197,36.51262244507308,387.5238084106342
nitrifier,198,41.77771244507307,385.5382884106338
nitrifier,199,46.89133244507306,383.6629284106334
nitrifier,200,52.15642244507305,381.677408410633
nitrifier,201,57.421512445073034,379.6918884106326
nitrifier,202,62.68660244507302,377.7063684106322
nitrifier,203,67.95169244507301,375.7208484106318
nitrifier,204,73.216782445073,373.7353284106314
nitrifier,205,78.48187244507298,371.749808410631
nitrifier,206,83.74696244507297,369.76428841063057
nitrifier,207,88.27714244507294,368.3132484106302
nitrifier,208,86.34443744507287,371.56248841063
nitrifier,209,78.60389744507286,379.03560841063006
nitrifier,210,65.63615744507278,390.3103284106303
nitrifier,211,73.246505415515,399.15999999999985
nitrifier,212,58.020377415514986,399.15999999999985
nitrifier,213,42.79424941551497,399.15999999999985
nitrifier,214,27.568121415514952,399.15999999999985
nitrifier,215,36.41561997999809,399.15999999999985
nitrifier,216,21.04693197999807,399.15999999999985
nitrifier,217,9.012572609164057,399.15999999999985
nitrifier,218,5.905847833009577,399.15999999999985
nitrifier,219,5.281194027355548,399.15999999999985
nitrifier,220,5.155597972013614,399.15999999999985
nitrifier,221,7.154655892977869,398.7583095718294
nitrifier,222,12.620384002161906,396.62687094696787
nitrifier,223,17.78489227865482,394.71450129133626
nitrifier,224,23.04998227865482,392.72898129133586
nitrifier,225,28.31507227865482,390.74346129133545
nitrifier,226,33.580162278654825,388.75794129133504
nitrifier,227,38.84525227865481,386.77242129133464
nitrifier,228,44.1103422786548,384.78690129133423
nitrifier,229,49.375432278654785,382.8013812913338
nitrifier,230,54.64052227865478,380.8158612913334
nitrifier,231,59.90561227865477,378.830341291333
nitrifier,232,65.01923227865475,376.9549812913326
nitrifier,233,70.28432227865474,374.9694612913322
nitrifier,234,75.54941227865473,372.9839412913318
nitrifier,235,80.81450227865471,370.9984212913314
nitrifier,236,86.0795922786547,369.012901291331
nitrifier,237,87.58842427865464,369.7592052913307
nitrifier,238,82.98440227865458,374.95122129133074
nitrifier,239,72.2355492786546,384.61220529133067
nitrifier,240,56.86686127865458,397.63306929133074
nitrifier,241,41.49817327865456,399.15999999999985
nitrifier,242,26.129485278654542,399.15999999999985
nitrifier,243,11.639915623843258,399.15999999999985
nitrifier,244,6.4341147157005345,399.15999999999985
nitrifier,245,5.387410040182521,399.15999999999985
nitrifier,246,5.176954301078555,399.15999999999985
nitrifier,247,5.134639005123775,399.15999999999985
nitrifier,248,5.126130877574658,399.15999999999985
nitrifier,249,5.124420190392664,399.15999999999985
nitrifier,250,5.329133398620726,399.1262955785408
nitrifier,251,10.01938571604839,397.558839347684
nitrifier,252,15.436171945374104,395.4629948172649
nitrifier,253,20.701261945374107,393.4774748172645
nitrifier,254,25.966351945374107,391.4919548172641
nitrifier,255,31.231441945374108,389.5064348172637
nitrifier,256,36.4965319453741,387.5209148172633
nitrifier,257,41.761621945374095,385.5353948172629
nitrifier,258,46.875241945374086,383.6600348172625
nitrifier,259,52.14033194537407,381.6745148172621
nitrifier,260,57.40542194537406,379.6889948172617
nitrifier,261,62.670511945374045,377.7034748172613
nitrifier,262,67.93560194537403,375.7179548172609
nitrifier,263,73.20069194537402,373.73243481726047
nitrifier,264,78.465781945374,371.74691481726006
nitrifier,265,83.73087194537399,369.76139481725966
nitrifier,266,88.26105194537396,368.3103548172593
nitrifier,267,86.32656494537387,371.5608908172591
nitrifier,268,78.56998694537381,379.0456748172589
nitrifier,269,65.49710894537381,390.3968588172589
nitrifier,270,105.39039486655038,399.15999999999985
nitrifier,271,89.59402686655035,399.15999999999985
nitrifier,272,73.79765886655032,399.15999999999985
nitrifier,273,58.00129086655029,399.15999999999985
nitrifier,274,176.785435817044,399.15999999999985
nitrifier,275,161.91570781704388,399.15999999999985
nitrifier,276,147.04597981704376,399.15999999999985
nitrifier,277,132.17625181704364,399.15999999999985
nitrifier,278,117.3065238170437,399.15999999999985
nitrifier,279,207.2437968551064,399.15999999999985
nitrifier,280,201.60245285510638,399.0491199999998
nitrifier,281,206.79358985510635,397.1173839999994
nitrifier,282,212.13886985510632,395.07354399999895
nitrifier,283,217.5777048551063,392.9616639999985
nitrifier,284,223.0165398551063,390.84978399999807
nitrifier,285,228.45537485510627,388.7379039999976
nitrifier,286,233.89420985510625,386.6260239999972
nitrifier,287,239.33304485510624,384.51414399999675
nitrifier,288,244.77187985510622,382.4022639999963
nitrifier,289,250.2107148551062,380.29038399999587
nitrifier,290,255.6495498551062,378.1785039999954
nitrifier,291,260,376.134663999995
nitrifier,292,260,374.02219035099455
nitrifier,293,260,371.9103103509941
nitrifier,294,260,369.79843035099367
nitrifier,295,260,367.68655035099323
nitrifier,296,260,368.2222543509929
nitrifier,297,256.4562680000001,372.64315035099287
nitrifier,298,247.51614500000014,380.98869435099294
nitrifier,299,233.78689700000004,392.8172383509929
nitrifier,300,260,399.15999999999985
nitrifier,301,245.27283200000002,399.15999999999985
digester,2,204.39840000000018,240.74399999999991
digester,3,193.91591200000022,252.31046400000014
digester,4,183.43342400000026,263.8769279999998
digester,5,172.9509360000003,275.44339199999933
digester,6,162.46844800000034,287.0098559999989
digester,7,151.98596000000038,298.5763199999984
digester,8,141.50347200000041,310.14278399999796
digester,9,131.02098400000045,321.7092479999975
digester,10,120.53849600000048,333.27571199999704
digester,11,110.0560080000005,344.8421759999966
digester,12,99.57352000000053,356.4086399999961
digester,13,89.09103200000055,367.97510399999567
digester,14,79.38712950000057,378.9753239999952
digester,15,85.12554400000054,378.74476799999485
digester,16,93.27703400000053,376.75924799999444
digester,17,101.42852400000051,374.77372799999404
digester,18,109.58001400000049,372.78820799999363
digester,19,117.73150400000047,370.8026879999932
digester,20,125.88299400000045,368.8171679999928
digester,21,134.03448400000048,366.8316479999924
digester,22,142.0345040000005,364.956287999992
digester,23,150.18599400000056,362.9707679999916
digester,24,158.33748400000061,360.9852479999912
digester,25,166.48897400000067,358.9997279999908
digester,26,174.64046400000072,357.0142079999904
digester,27,182.79195400000077,355.02868799999
digester,28,190.94344400000082,353.0431679999896
digester,29,199.09493400000085,351.0576479999892
digester,30,206.51151400000091,349.6066079999888
digester,31,207.65434850000085,352.71829199998854
digester,32,204.05750850000078,359.27701199998813
digester,33,195.55571350000085,369.40297199998787
digester,34,185.0732255000009,380.9694359999874
digester,35,174.59073750000093,392.53589999998695
digester,36,164.10824950000097,399.15999999999985
digester,37,153.625761500001,399.15999999999985
digester,38,143.14327350000104,399.15999999999985
digester,39,132.66078550000108,399.15999999999985
digester,40,122.17829750000111,399.15999999999985
digester,41,111.69580950000113,399.15999999999985
digester,42,101.21332150000116,399.15999999999985
digester,43,110.01064790000125,399.15999999999985
digester,44,110.37574390000124,399.15999999999985
digester,45,121.23543390000124,397.30407999999943
digester,46,132.1218539000012,395.42871999999903
digester,47,143.15974390000125,393.4431999999986
digester,48,154.19763390000128,391.4576799999982
digester,49,165.2355239000013,389.4721599999978
digester,50,176.27341390000134,387.4866399999974
digester,51,187.31130390000138,385.501119999997
digester,52,198.3491939000014,383.5155999999966
digester,53,209.38708390000141,381.5300799999962
digester,54,220.42497390000142,379.5445599999958
digester,55,231.31139390000143,377.6691999999954
digester,56,240.54528390000146,375.683679999995
digester,57,248.69677390000152,373.6981599999946
digester,58,256.8482639000016,371.71263999999417
digester,59,260,369.72711999999376
digester,60,260,370.47471999999345
digester,61,258.80678099999994,375.28535199999317
digester,62,252.69420249999988,383.67369999999295
digester,63,242.78195449999993,394.82544399999273
digester,64,232.86970649999998,399.15999999999985
digester,65,222.95745850000003,399.15999999999985
digester,66,213.04521050000008,399.15999999999985
digester,67,203.13296250000013,399.15999999999985
digester,68,193.22071450000018,399.15999999999985
digester,69,210.37704649999995,399.15999999999985
digester,70,202.06419849999972,399.15999999999985
digester,71,213.3717050999997,399.15999999999985
digester,72,204.0324250999998,399.15999999999985
digester,73,260,399.15999999999985
digester,74,260,398.36547999999965
digester,75,260,396.29595999999924
digester,76,260,394.22643999999883
digester,77,260,392.1569199999984
digester,78,260,390.087399999998
digester,79,260,388.0178799999976
digester,80,260,385.9483599999972
digester,81,260,383.9889999999968
digester,82,260,381.9194799999964
digester,83,260,379.849959999996
digester,84,260,377.78043999999556
digester,85,260,375.71091999999516
digester,86,260,373.64139999999475
digester,87,260,371.57187999999434
digester,88,260,369.5023599999939
digester,89,260,367.88331999999355
digester,90,260,369.7302399999933
digester,91,260,375.30855999999295
digester,92,253.71751,385.9196799999926
digester,93,245.08575000000005,398.2393599999922
digester,94,236.4539900000001,399.15999999999985
digester,95,227.82223000000013,399.15999999999985
digester,96,219.19047000000018,399.15999999999985
digester,97,210.55871000000022,399.15999999999985
digester,98,201.92695000000026,399.15999999999985
digester,99,193.2951900000003,399.15999999999985
digester,100,184.66343000000035,399.15999999999985
digester,101,176.0316700000004,399.15999999999985
digester,102,167.39991000000043,399.15999999999985
digester,103,167.5395500000005,399.15999999999985
digester,104,178.44346000000053,397.27191999999945
digester,105,189.44538000000054,395.31255999999905
digester,106,200.59877000000057,393.24303999999864
digester,107,211.7521600000006,391.17351999999823
digester,108,222.90555000000063,389.1039999999978
digester,109,234.05894000000066,387.0344799999974
digester,110,245.2123300000007,384.964959999997
digester,111,256.3657200000007,382.8954399999966
digester,112,260,380.8259199999962
digester,113,260,378.7563999999958
digester,114,260,376.7970399999954
digester,115,260,374.72751999999497
digester,116,260,372.65799999999456
digester,117,260,370.58847999999415
digester,118,260,368.51895999999374
digester,119,260,368.1745599999934
digester,120,260,372.15735999999305
digester,121,256.4692150000001,380.76723999999297
digester,122,247.83745500000012,393.0869199999926
digester,123,239.20792497500014,399.15999999999985
digester,124,230.57616497500018,399.15999999999985
digester,125,221.94440497500023,399.15999999999985
digester,126,213.31264497500027,399.15999999999985
digester,127,204.6808849750003,399.15999999999985
digester,128,196.04912497500035,399.15999999999985
digester,129,187.4173649750004,399.15999999999985
digester,130,178.78560497500044,399.15999999999985
digester,131,202.10114497500055,399.15999999999985
digester,132,194.48099997500051,399.15999999999985
digester,133,203.32950497500056,398.3606799999997
digester,134,214.4861949750006,396.28875999999934
digester,135,225.6428849750006,394.21683999999897
digester,136,236.79957497500064,392.1449199999986
digester,137,247.95626497500066,390.0729999999982
digester,138,259.11295497500066,388.00107999999784
digester,139,260,385.92915999999747
digester,140,260,383.9673999999971
digester,141,260,381.8954799999967
digester,142,260,379.82355999999635
digester,143,260,377.751639999996
digester,144,260,375.6797199999956
digester,145,260,373.6077999999952
digester,146,260,371.53587999999485
digester,147,260,369.4639599999945
digester,148,260,367.84011999999416
digester,149,260,369.75231999999437
digester,150,259.6212100000002,376.06983999999414
digester,151,253.3915200000002,386.6425599999942
digester,152,243.36936000000006,398.92383999999436
digester,153,231.90400000000005,399.15999999999985
digester,154,220.43864000000005,399.15999999999985
digester,155,208.97328000000005,399.15999999999985
digester,156,197.50792000000004,399.15999999999985
digester,157,186.04256000000004,399.15999999999985
digester,158,174.57720000000003,399.15999999999985
digester,159,163.11184000000003,399.15999999999985
digester,160,151.64648000000003,399.15999999999985
digester,161,140.18112000000002,399.15999999999985
digester,162,137.47726000000006,399.15999999999985
digester,163,145.4980700000001,397.26951999999943
digester,164,153.61689000000013,395.30775999999906
digester,165,161.88718000000017,393.2358399999987
digester,166,170.15747000000022,391.1639199999983
digester,167,178.42776000000026,389.09199999999794
digester,168,186.6980500000003,387.02007999999756
digester,169,194.96834000000035,384.9481599999972
digester,170,203.2386300000004,382.8762399999968
digester,171,211.50892000000042,380.80431999999644
digester,172,219.77921000000043,378.73239999999606
digester,173,227.89803000000046,376.7706399999957
digester,174,236.1683200000005,374.6987199999953
digester,175,244.43861000000055,372.62679999999494
digester,176,252.7089000000006,370.55487999999457
digester,177,260,368.4829599999942
digester,178,260,368.1073599999943
digester,179,260,372.0517599999944
digester,180,256.389759415,380.71942587999405
digester,181,247.66823941500022,393.10438587999346
digester,182,238.94671941500042,399.15999999999985
digester,183,230.22519941500062,399.15999999999985
digester,184,221.50367941500082,399.15999999999985
digester,185,239.74401741500128,399.15999999999985
digester,186,229.91369741500105,399.15999999999985
digester,187,220.08337741500083,399.15999999999985
digester,188,210.2530574150006,399.15999999999985
digester,189,200.42273741500037,399.15999999999985
digester,190,190.59241741500014,399.15999999999985
digester,191,181.72982241499992,399.15999999999985
digester,192,190.28330741499994,398.46147999999965
digester,193,201.37069741499997,396.43995999999925
digester,194,212.458087415,394.41843999999884
digester,195,223.54547741500002,392.39691999999843
digester,196,234.63286741500005,390.375399999998
digester,197,245.72025741500005,388.3538799999976
digester,198,256.807647415,386.3323599999972
digester,199,260,384.4209999999968
digester,200,260,382.3994799999964
digester,201,260,380.377959999996
digester,202,260,378.3564399999956
digester,203,260,376.3349199999952
digester,204,260,374.3133999999948
digester,205,260,372.29187999999436
digester,206,260,370.27035999999396
digester,207,260,368.7473199999936
digester,208,260,371.4918399999934
digester,209,255.48345,378.7194399999933
digester,210,245.1159999999999,390.202239999993
digester,211,260,399.15999999999985
digester,212,250.24095999999997,399.15999999999985
digester,213,240.48191999999986,399.15999999999985
digester,214,230.72287999999975,399.15999999999985
digester,215,220.96383999999964,399.15999999999985
digester,216,236.42999999999967,399.15999999999985
digester,217,227.7269599999996,399.15999999999985
digester,218,219.02391999999952,399.15999999999985
digester,219,210.32087999999945,399.15999999999985
digester,220,201.61783999999938,399.15999999999985
digester,221,201.7218399999994,399.15999999999985
digester,222,212.6168399999994,397.27839999999946
digester,223,223.6187599999994,395.31903999999906
digester,224,234.77214999999944,393.24951999999865
digester,225,245.92553999999947,391.17999999999824
digester,226,257.0789299999995,389.11047999999784
digester,227,260,387.0409599999974
digester,228,260,384.971439999997
digester,229,260,382.9019199999966
digester,230,260,380.8323999999962
digester,231,260,378.7628799999958
digester,232,260,376.8035199999954
digester,233,260,374.733999999995
digester,234,260,372.66447999999457
digester,235,260,370.59495999999416
digester,236,260,368.52543999999375
digester,237,260,368.1875199999934
digester,238,260,372.2513199999932
digester,239,260,380.9421999999928
digester,240,251.43952000000016,393.2100399999923
digester,241,260,399.15999999999985
digester,242,251.43952000000016,399.15999999999985
digester,243,242.87904000000032,399.15999999999985
digester,244,234.31856000000047,399.15999999999985
digester,245,225.75808000000063,399.15999999999985
digester,246,217.1976000000008,399.15999999999985
digester,247,208.63712000000095,399.15999999999985
digester,248,200.0766400000011,399.15999999999985
digester,249,191.51616000000126,399.15999999999985
digester,250,183.9100400000014,399.15999999999985
digester,251,192.74980000000147,398.36547999999965
digester,252,203.9031900000015,396.29595999999924
digester,253,215.05658000000153,394.22643999999883
digester,254,226.20997000000156,392.1569199999984
digester,255,237.3633600000016,390.087399999998
digester,256,248.5167500000016,388.0178799999976
digester,257,259.6701400000016,385.9483599999972
digester,258,260,383.9889999999968
digester,259,260,381.9194799999964
digester,260,260,379.849959999996
digester,261,260,377.78043999999556
digester,262,260,375.71091999999516
digester,263,260,373.64139999999475
digester,264,260,371.57187999999434
digester,265,260,369.5023599999939
digester,266,260,367.88331999999355
digester,267,260,369.8501199999933
digester,268,259.49713,376.2578799999932
digester,269,253.2636450000001,386.83335999999275
digester,270,244.70316500000027,399.1011999999923
digester,271,236.14268500000043,399.15999999999985
digester,272,227.58220500000058,399.15999999999985
digester,273,219.02172500000074,399.15999999999985
digester,274,210.4612450000009,399.15999999999985
digester,275,201.90087018750103,399.15999999999985
digester,276,193.34039018750119,399.15999999999985
digester,277,184.77991018750126,399.15999999999985
digester,278,173.33303018750144,399.15999999999985
digester,279,161.8861501875016,399.15999999999985
digester,280,159.17503018750176,399.15999999999985
digester,281,167.1836301875018,397.27839999999946
digester,282,175.29915018750182,395.31903999999906
digester,283,183.56614018750187,393.24951999999865
digester,284,191.83313018750192,391.17999999999824
digester,285,200.10012018750197,389.11047999999784
digester,286,208.36711018750202,387.0409599999974
digester,287,216.63410018750207,384.971439999997
digester,288,224.90109018750212,382.9019199999966
digester,289,233.16808018750214,380.8323999999962
digester,290,241.43507018750216,378.7628799999958
digester,291,249.5505901875022,376.8035199999954
digester,292,257.81758018750224,374.733999999995
digester,293,260,372.66447999999457
digester,294,260,370.59495999999416
digester,295,260,368.52543999999375
digester,296,260,368.1875199999934
digester,297,259.8604049999999,372.2318799999932
digester,298,253.46549500000006,380.8255599999931
digester,299,242.01861500000024,393.09339999999264
digester,300,230.57173500000042,399.15999999999985
digester,301,219.1248550000006,399.15999999999985
composter_only,2,201.51200000000017,240.74399999999991
composter_only,3,188.1431120000002,252.31046400000014
composter_only,4,174.77422400000023,263.8769279999998
composter_only,5,161.40533600000026,275.44339199999933
composter_only,6,148.0364480000003,287.0098559999989
composter_only,7,134.66756000000032,298.5763199999984
composter_only,8,121.29867200000035,310.14278399999796
composter_only,9,107.92978400000038,321.7092479999975
composter_only,10,94.56089600000041,333.27571199999704
composter_only,11,81.19200800000044,344.8421759999966
composter_only,12,67.82312000000047,356.4086399999961
composter_only,13,54.4542320000005,367.97510399999567
composter_only,14,41.86392950000053,378.9753239999952
composter_only,15,44.71594400000051,378.74476799999485
composter_only,16,49.9810340000005,376.75924799999444
composter_only,17,55.246124000000485,374.77372799999404
composter_only,18,60.51121400000047,372.78820799999363
composter_only,19,65.77630400000047,370.8026879999932
composter_only,20,71.04139400000045,368.8171679999928
composter_only,21,76.30648400000044,366.8316479999924
composter_only,22,81.42010400000042,364.956287999992
composter_only,23,86.68519400000041,362.9707679999916
composter_only,24,91.9502840000004,360.9852479999912
composter_only,25,97.21537400000038,358.9997279999908
composter_only,26,102.48046400000037,357.0142079999904
composter_only,27,107.74555400000035,355.02868799999
composter_only,28,113.01064400000034,353.0431679999896
composter_only,29,118.27573400000033,351.0576479999892
composter_only,30,122.8059140000003,349.6066079999888
composter_only,31,121.06234850000024,352.71829199998854
composter_only,32,114.57910850000029,359.27701199998813
composter_only,33,103.19091350000032,369.40297199998787
composter_only,34,89.82202550000035,380.9694359999874
composter_only,35,76.45313750000038,392.53589999998695
composter_only,36,63.08424950000041,399.15999999999985
composter_only,37,49.71536150000044,399.15999999999985
composter_only,38,36.34647350000047,399.15999999999985
composter_only,39,22.97758550000046,399.15999999999985
composter_only,40,10.98290140493234,399.15999999999985
composter_only,41,6.795012733116133,399.15999999999985
composter_only,42,5.809701433375102,399.15999999999985
composter_only,43,5.57788095449491,399.15999999999985
composter_only,44,7.532755773396855,398.8011961027443
composter_only,45,13.008974669238174,396.66212781485933
composter_only,46,18.15741843010284,394.761441443321
composter_only,47,23.42250843010284,392.7759214433206
composter_only,48,28.68759843010284,390.7904014433202
composter_only,49,33.95268843010284,388.8048814433198
composter_only,50,39.217778430102825,386.8193614433194
composter_only,51,44.48286843010281,384.833841443319
composter_only,52,49.7479584301028,382.8483214433186
composter_only,53,55.01304843010279,380.8628014433182
composter_only,54,60.278138430102786,378.87728144331777
composter_only,55,65.39175843010278,377.00192144331737
composter_only,56,70.65684843010277,375.01640144331697
composter_only,57,75.92193843010276,373.03088144331656
composter_only,58,81.18702843010274,371.04536144331615
composter_only,59,86.45211843010273,369.05984144331575
composter_only,60,87.95916843010268,369.80744144331544
composter_only,61,83.80826943010273,374.6699134433151
composter_only,62,74.55981093010274,383.2397014433148
composter_only,63,80.3656368375454,394.80616544331434
composter_only,64,67.56698883754544,399.15999999999985
composter_only,65,54.76834083754548,399.15999999999985
composter_only,66,41.96969283754552,399.15999999999985
composter_only,67,29.171044837545544,399.15999999999985
composter_only,68,16.37239683754553,399.15999999999985
composter_only,69,8.376680151433783,399.15999999999985
composter_only,70,6.306721406376305,399.15999999999985
composter_only,71,5.797534904440237,399.15999999999985
composter_only,72,5.672280768640208,399.15999999999985
composter_only,73,5.8379344223248335,399.1380765761953
composter_only,74,10.500617660770665,397.5906705845981
composter_only,75,15.89262027107279,395.51285050437804
composter_only,76,21.15771027107279,393.52733050437763
composter_only,77,26.42280027107279,391.5418105043772
composter_only,78,31.687890271072792,389.5562905043768
composter_only,79,36.95298027107279,387.5707705043764
composter_only,80,42.21807027107278,385.585250504376
composter_only,81,47.33169027107277,383.7098905043756
composter_only,82,52.59678027107276,381.7243705043752
composter_only,83,57.861870271072746,379.7388505043748
composter_only,84,63.12696027107273,377.7533305043744
composter_only,85,68.39205027107272,375.767810504374
composter_only,86,73.6571402710727,373.7822905043736
composter_only,87,78.92223027107269,371.79677050437317
composter_only,88,84.18732027107268,369.81125050437277
composter_only,89,88.71750027107265,368.3602105043724
composter_only,90,113.2493748895443,371.44597450437215
composter_only,91,106.58694488954434,378.1350145043717
composter_only,92,94.78641488954436,388.56085450437143
composter_only,93,80.70076688954437,399.15999999999985
composter_only,94,168.66592995266132,399.15999999999985
composter_only,95,154.55176995266123,399.15999999999985
composter_only,96,186.59775856494056,399.15999999999985
composter_only,97,171.34311856494045,399.15999999999985
composter_only,98,156.08847856494035,399.15999999999985
composter_only,99,140.83383856494024,399.15999999999985
composter_only,100,125.57919856494013,399.15999999999985
composter_only,101,110.32455856494002,399.15999999999985
composter_only,102,95.06991856493991,399.15999999999985
composter_only,103,88.43421856493983,399.15999999999985
composter_only,104,93.44982856493982,397.35591999999946
composter_only,105,98.5634485649398,395.48055999999906
composter_only,106,103.82853856493979,393.49503999999865
composter_only,107,109.09362856493978,391.50951999999825
composter_only,108,114.35871856493976,389.52399999999784
composter_only,109,119.62380856493975,387.53847999999743
composter_only,110,124.88889856493974,385.55295999999703
composter_only,111,130.1539885649397,383.5674399999966
composter_only,112,135.41907856493972,381.5819199999962
composter_only,113,140.68416856493974,379.5963999999958
composter_only,114,145.79778856493976,377.7210399999954
composter_only,115,151.0628785649398,375.735519999995
composter_only,116,156.32796856493985,373.7499999999946
composter_only,117,161.5930585649399,371.7644799999942
composter_only,118,166.85814856493994,369.7789599999938
composter_only,119,168.36519856494004,370.5265599999935
composter_only,120,163.7629585649399,375.7172799999933
composter_only,121,153.04796356493995,385.35363999999356
composter_only,122,137.79332356493984,398.29155999999386
composter_only,123,122.53868356493973,399.15999999999985
composter_only,124,107.28404356493962,399.15999999999985
composter_only,125,92.03030817743951,399.15999999999985
composter_only,126,76.7756681774394,399.15999999999985
composter_only,127,61.52102817743933,399.15999999999985
composter_only,128,46.26638817743933,399.15999999999985
composter_only,129,31.011748177439337,399.15999999999985
composter_only,130,15.757108177439342,399.15999999999985
composter_only,131,7.350354252225145,399.15999999999985
composter_only,132,5.827831632010968,399.13784265184484
composter_only,133,10.411196826783714,397.6481225101916
composter_only,134,15.807804642344154,395.5669531897837
composter_only,135,21.072894642344156,393.5814331897833
composter_only,136,26.337984642344157,391.5959131897829
composter_only,137,31.603074642344158,389.6103931897825
composter_only,138,36.868164642344155,387.6248731897821
composter_only,139,42.13325464234415,385.6393531897817
composter_only,140,47.24687464234414,383.7639931897813
composter_only,141,52.511964642344125,381.77847318978087
composter_only,142,57.77705464234411,379.79295318978046
composter_only,143,63.0421446423441,377.80743318978006
composter_only,144,68.30723464234408,375.82191318977965
composter_only,145,73.57232464234407,373.83639318977924
composter_only,146,78.83741464234406,371.85087318977884
composter_only,147,84.10250464234404,369.86535318977843
composter_only,148,88.63268464234402,368.41431318977806
composter_only,149,86.69997964234395,371.6635531897779
composter_only,150,78.95943964234394,379.1366731897779
composter_only,151,65.99169964234386,390.41139318977815
composter_only,152,50.73705964234386,399.15999999999985
composter_only,153,35.482419642343864,399.15999999999985
composter_only,154,20.22777964234387,399.15999999999985
composter_only,155,8.738972859983868,399.15999999999985
composter_only,156,5.873170556584405,399.15999999999985
composter_only,157,5.291746877574729,399.15999999999985
composter_only,158,5.173785672047,399.15999999999985
composter_only,159,5.149853303084566,399.15999999999985
composter_only,160,5.144997823000315,399.15999999999985
composter_only,161,5.144012726753239,399.15999999999985
composter_only,162,7.161263329933439,398.75905903001217
composter_only,163,12.625643455603374,396.62860075679725
composter_only,164,17.789934303889268,394.7163892307708
composter_only,165,23.05502430388927,392.7308692307704
composter_only,166,28.32011430388927,390.74534923077
composter_only,167,33.58520430388927,388.7598292307696
composter_only,168,38.85029430388926,386.7743092307692
composter_only,169,44.11538430388924,384.78878923076877
composter_only,170,49.38047430388923,382.80326923076836
composter_only,171,54.64556430388922,380.81774923076796
composter_only,172,59.91065430388922,378.83222923076755
composter_only,173,65.0242743038892,376.95686923076715
composter_only,174,70.28936430388919,374.97134923076675
composter_only,175,75.55445430388917,372.98582923076634
composter_only,176,80.81954430388916,371.00030923076594
composter_only,177,86.08463430388915,369.01478923076553
composter_only,178,87.5916843038891,369.7623892307652
composter_only,179,82.98944430388912,374.95310923076505
composter_only,180,72.28475371888904,384.58197511076526
composter_only,181,57.03011371888899,397.51989511076556
composter_only,182,41.777703693888974,399.15999999999985
composter_only,183,26.52306369388898,399.15999999999985
composter_only,184,11.981907875741543,399.15999999999985
composter_only,185,6.531108197786833,399.15999999999985
composter_only,186,5.4252314949375835,399.15999999999985
composter_only,187,5.200867483386967,399.15999999999985
composter_only,188,5.155347752706877,399.15999999999985
composter_only,189,5.146112555551737,399.15999999999985
composter_only,190,5.144238887469346,399.15999999999985
composter_only,191,5.348583354329322,399.1267459311775
composter_only,192,10.03634987612027,397.56109755169285
composter_only,193,15.452262445073085,395.46588841063584
composter_only,194,20.717352445073086,393.48036841063544
composter_only,195,25.982442445073087,391.49484841063503
composter_only,196,31.247532445073087,389.5093284106346
composter_only,197,36.51262244507308,387.5238084106342
composter_only,198,41.77771244507307,385.5382884106338
composter_only,199,46.89133244507306,383.6629284106334
composter_only,200,52.15642244507305,381.677408410633
composter_only,201,57.421512445073034,379.6918884106326
composter_only,202,62.68660244507302,377.7063684106322
composter_only,203,67.95169244507301,375.7208484106318
composter_only,204,73.216782445073,373.7353284106314
composter_only,205,78.48187244507298,371.749808410631
composter_only,206,83.74696244507297,369.76428841063057
composter_only,207,88.27714244507294,368.3132484106302
composter_only,208,86.34443744507287,371.56248841063
composter_only,209,78.60389744507286,379.03560841063006
composter_only,210,65.63615744507278,390.3103284106303
composter_only,211,73.246505415515,399.15999999999985
composter_only,212,58.020377415514986,399.15999999999985
composter_only,213,42.79424941551497,399.15999999999985
composter_only,214,27.568121415514952,399.15999999999985
composter_only,215,36.41561997999809,399.15999999999985
composter_only,216,21.04693197999807,399.15999999999985
composter_only,217,9.012572609164057,399.15999999999985
composter_only,218,5.905847833009577,399.15999999999985
composter_only,219,5.281194027355548,399.15999999999985
composter_only,220,5.155597972013614,399.15999999999985
composter_only,221,7.154655892977869,398.7583095718294
composter_only,222,12.620384002161906,396.62687094696787
composter_only,223,17.78489227865482,394.71450129133626
composter_only,224,23.04998227865482,392.72898129133586
composter_only,225,28.31507227865482,390.74346129133545
composter_only,226,33.580162278654825,388.75794129133504
composter_only,227,38.84525227865481,386.77242129133464
composter_only,228,44.1103422786548,384.78690129133423
composter_only,229,49.375432278654785,382.8013812913338
composter_only,230,54.64052227865478,380.8158612913334
composter_only,231,59.90561227865477,378.830341291333
composter_only,232,65.01923227865475,376.9549812913326
composter_only,233,70.28432227865474,374.9694612913322
composter_only,234,75.54941227865473,372.9839412913318
composter_only,235,80.81450227865471,370.9984212913314
composter_only,236,86.0795922786547,369.012901291331
composter_only,237,87.58842427865464,369.7592052913307
composter_only,238,82.98440227865458,374.95122129133074
composter_only,239,72.2355492786546,384.61220529133067
composter_only,240,56.86686127865458,397.63306929133074
composter_only,241,41.49817327865456,399.15999999999985
composter_only,242,26.129485278654542,399.15999999999985
composter_only,243,11.639915623843258,399.15999999999985
composter_only,244,6.4341147157005345,399.15999999999985
composter_only,245,5.387410040182521,399.15999999999985
composter_only,246,5.176954301078555,399.15999999999985
composter_only,247,5.134639005123775,399.15999999999985
composter_only,248,5.126130877574658,399.15999999999985
composter_only,249,5.124420190392664,399.15999999999985
composter_only,250,5.329133398620726,399.1262955785408
composter_only,251,10.01938571604839,397.558839347684
composter_only,252,15.436171945374104,395.4629948172649
composter_only,253,20.701261945374107,393.4774748172645
composter_only,254,25.966351945374107,391.4919548172641
composter_only,255,31.231441945374108,389.5064348172637
composter_only,256,36.4965319453741,387.5209148172633
composter_only,257,41.761621945374095,385.5353948172629
composter_only,258,46.875241945374086,383.6600348172625
composter_only,259,52.14033194537407,381.6745148172621
composter_only,260,57.40542194537406,379.6889948172617
composter_only,261,62.670511945374045,377.7034748172613
composter_only,262,67.93560194537403,375.7179548172609
composter_only,263,73.20069194537402,373.73243481726047
composter_only,264,78.465781945374,371.74691481726006
composter_only,265,83.73087194537399,369.76139481725966
composter_only,266,88.26105194537396,368.3103548172593
composter_only,267,86.32656494537387,371.5608908172591
composter_only,268,78.56998694537381,379.0456748172589
composter_only,269,65.49710894537381,390.3968588172589
composter_only,270,105.39039486655038,399.15999999999985
composter_only,271,89.59402686655035,399.15999999999985
composter_only,272,73.79765886655032,399.15999999999985
composter_only,273,58.00129086655029,399.15999999999985
composter_only,274,176.785435817044,399.15999999999985
composter_only,275,161.91570781704388,399.15999999999985
composter_only,276,147.04597981704376,399.15999999999985
composter_only,277,132.17625181704364,399.15999999999985
composter_only,278,117.3065238170437,399.15999999999985
composter_only,279,207.2437968551064,399.15999999999985
composter_only,280,201.60245285510638,399.0491199999998
composter_only,281,206.79358985510635,397.1173839999994
composter_only,282,212.13886985510632,395.07354399999895
composter_only,283,217.5777048551063,392.9616639999985
composter_only,284,223.0165398551063,390.84978399999807
composter_only,285,228.45537485510627,388.7379039999976
composter_only,286,233.89420985510625,386.6260239999972
composter_only,287,239.33304485510624,384.51414399999675
composter_only,288,244.77187985510622,382.4022639999963
composter_only,289,250.2107148551062,380.29038399999587
composter_only,290,255.6495498551062,378.1785039999954
composter_only,291,260,376.134663999995
composter_only,292,260,374.02219035099455
composter_only,293,260,371.9103103509941
composter_only,294,260,369.79843035099367
composter_only,295,260,367.68655035099323
composter_only,296,260,368.2222543509929
composter_only,297,256.4562680000001,372.64315035099287
composter_only,298,247.51614500000014,380.98869435099294
composter_only,299,233.78689700000004,392.8172383509929
composter_only,300,260,399.15999999999985
composter_only,301,245.27283200000002,399.15999999999985
all_four,2,201.71200000000016,240.89399999999992
all_four,3,188.54311200000018,252.61046400000015
all_four,4,175.3742240000002,264.3269279999998
all_four,5,162.20533600000022,276.0433919999993
all_four,6,149.03644800000023,287.7598559999988
all_four,7,135.86756000000025,299.47631999999834
all_four,8,122.69867200000029,311.19278399999786
all_four,9,109.52978400000032,322.9092479999974
all_four,10,96.36089600000035,334.6257119999969
all_four,11,83.19200800000038,346.3421759999964
all_four,12,70.02312000000042,358.05863999999593
all_four,13,56.85423200000045,369.77510399999545
all_four,14,44.46392950000048,380.925323999995
all_four,15,47.51594400000047,380.8447679999946
all_four,16,52.981034000000456,379.00924799999416
all_four,17,58.446124000000445,377.17372799999373
all_four,18,63.911214000000435,375.3382079999933
all_four,19,69.37630400000042,373.5026879999929
all_four,20,74.8413940000004,371.66716799999244
all_four,21,80.3064840000004,369.831647999992
all_four,22,85.62010400000038,368.1062879999916
all_four,23,91.08519400000037,366.27076799999116
all_four,24,96.55028400000036,364.43524799999074
all_four,25,102.01537400000035,362.5997279999903
all_four,26,107.48046400000034,360.7642079999899
all_four,27,112.94555400000033,358.92868799998945
all_four,28,118.41064400000032,357.093167999989
all_four,29,123.8757340000003,355.2576479999886
all_four,30,128.60591400000027,353.9566079999882
all_four,31,127.06234850000021,357.2182919999879
all_four,32,120.77910850000026,363.9270119999875
all_four,33,109.5909135000003,374.2029719999872
all_four,34,96.42202550000033,385.9194359999867
all_four,35,83.25313750000036,397.63589999998624
all_four,36,70.0842495000004,399.30999999999983
all_four,37,56.91536150000043,399.30999999999983
all_four,38,43.74647350000046,399.30999999999983
all_four,39,30.577585500000477,399.30999999999983
all_four,40,17.40869750000045,399.30999999999983
all_four,41,8.697531172696353,399.30999999999983
all_four,42,6.457319090716288,399.30999999999983
all_four,43,5.930250094578416,399.30999999999983
all_four,44,7.8806133924705115,398.9679670690414
all_four,45,13.534511273178591,396.9951322467078
all_four,46,18.862493927844667,395.2593266796775
all_four,47,24.327583927844667,393.42380667967706
all_four,48,29.792673927844668,391.5882866796766
all_four,49,35.257763927844664,389.7527666796762
all_four,50,40.72285392784465,387.91724667967577
all_four,51,46.18794392784464,386.08172667967534
all_four,52,51.65303392784463,384.2462066796749
all_four,53,57.11812392784463,382.4106866796745
all_four,54,62.583213927844625,380.57516667967406
all_four,55,67.89683392784461,378.84980667967363
all_four,56,73.3619239278446,377.0142866796732
all_four,57,78.82701392784459,375.1787666796728
all_four,58,84.29210392784458,373.34324667967235
all_four,59,89.75719392784457,371.5077266796719
all_four,60,91.46424392784452,372.4053266796716
all_four,61,87.51334492784457,377.41779867967125
all_four,62,97.15748833600361,386.1375866796709
all_four,63,90.70064033600366,397.1693306796707
all_four,64,84.24379233600371,399.03999999999985
all_four,65,77.78694433600376,399.03999999999985
all_four,66,71.3300963360038,399.03999999999985
all_four,67,63.61044833600385,399.03999999999985
all_four,68,51.011800336003894,399.30999999999983
all_four,69,38.41315233600394,399.30999999999983
all_four,70,52.216830907002645,399.30999999999983
all_four,71,44.47298290700266,399.03999999999985
all_four,72,36.729134907002674,399.03999999999985
all_four,73,49.53140560271419,399.03999999999985
all_four,74,58.616270602714174,398.41347999999965
all_four,75,70.22316060271416,396.30795999999924
all_four,76,81.83005060271415,394.20243999999883
all_four,77,93.43694060271415,392.0969199999984
all_four,78,105.04383060271414,389.991399999998
all_four,79,116.65072060271413,387.8858799999976
all_four,80,125.73201060271413,385.7803599999972
all_four,81,131.0456306027141,384.05499999999677
all_four,82,136.51072060271414,382.21947999999634
all_four,83,141.97581060271418,380.3839599999959
all_four,84,147.4409006027142,378.5484399999955
all_four,85,152.90599060271424,376.71291999999505
all_four,86,158.37108060271427,374.8773999999946
all_four,87,163.8361706027143,373.0418799999942
all_four,88,169.3012606027143,371.20635999999377
all_four,89,174.03144060271435,369.90531999999337
all_four,90,253.54778690441054,373.2462399999931
all_four,91,254.7543969044104,378.7045599999928
all_four,92,250.18138690441043,388.3662399999928
all_four,93,260,399.03999999999985
all_four,94,251.93724000000003,399.03999999999985
all_four,95,243.87448000000006,399.03999999999985
all_four,96,235.8117200000001,399.03999999999985
all_four,97,227.74896000000012,399.03999999999985
all_four,98,219.68620000000016,399.03999999999985
all_four,99,211.6234400000002,399.03999999999985
all_four,100,203.56068000000022,399.03999999999985
all_four,101,195.49792000000025,399.03999999999985
all_four,102,187.43516000000028,399.03999999999985
all_four,103,188.14380000000034,399.03999999999985
all_four,104,199.61671000000035,397.03191999999945
all_four,105,211.18763000000035,394.95255999999904
all_four,106,222.91002000000037,392.7630399999986
all_four,107,228.6546100000004,390.7235199999982
all_four,108,234.23520000000042,388.80399999999776
all_four,109,239.81579000000045,386.8844799999973
all_four,110,245.39638000000048,384.9649599999969
all_four,111,250.9769700000005,383.04543999999646
all_four,112,256.55756000000054,381.12591999999603
all_four,113,260,379.2063999999956
all_four,114,260,377.3970399999952
all_four,115,260,375.47751999999474
all_four,116,260,373.5579999999943
all_four,117,260,371.6384799999939
all_four,118,260,369.71895999999344
all_four,119,260,369.5245599999931
all_four,120,257.25864999999993,373.6573599999927
all_four,121,248.15506500000004,382.4172399999926
all_four,122,233.95050500000008,394.8869199999922
all_four,123,219.74594500000012,399.30999999999983
all_four,124,205.54294177500014,399.30999999999983
all_four,125,191.3383817750002,399.30999999999983
all_four,126,177.13382177500023,399.30999999999983
all_four,127,162.92926177500027,399.30999999999983
all_four,128,148.7247017750003,399.30999999999983
all_four,129,134.52014177500035,399.30999999999983
all_four,130,120.31558177500041,399.30999999999983
all_four,131,106.11102177500047,399.30999999999983
all_four,132,92.86527677500052,399.30999999999983
all_four,133,96.1277817750005,398.5154799999996
all_four,134,101.70837177500049,396.5959599999992
all_four,135,107.28896177500047,394.67643999999876
all_four,136,143.9159517750005,392.75691999999833
all_four,137,155.64164177500052,390.56499999999795
all_four,138,167.3673317750005,388.37307999999757
all_four,139,179.0930217750005,386.1811599999972
all_four,140,190.6672417750005,384.0993999999968
all_four,141,202.3929317750005,381.90747999999644
all_four,142,214.11862177500052,379.71555999999606
all_four,143,221.69511177500056,377.5236399999957
all_four,144,227.27900177500058,375.6017199999953
all_four,145,232.8628917750006,373.6797999999949
all_four,146,238.44678177500063,371.7578799999945
all_four,147,244.03067177500063,369.8359599999941
all_four,148,248.99845177500066,368.36211999999375
all_four,149,249.10417677500055,370.42431999999394
all_four,150,243.15258677500063,376.8918399999937
all_four,151,231.35009677500057,387.61455999999373
all_four,152,217.19833677500054,399.30999999999983
all_four,153,203.04657677500052,399.30999999999983
all_four,154,188.8948167750005,399.30999999999983
all_four,155,174.74305677500047,399.30999999999983
all_four,156,160.59129677500044,399.30999999999983
all_four,157,146.43953677500042,399.30999999999983
all_four,158,132.2877767750004,399.30999999999983
all_four,159,118.13601677500039,399.30999999999983
all_four,160,103.98425677500038,399.30999999999983
all_four,161,89.83249677500037,399.30999999999983
all_four,162,84.44223677500037,399.30999999999983
all_four,163,89.77664677500036,397.5695199999994
all_four,164,95.20906677500035,395.757759999999
all_four,165,100.79295677500035,393.8358399999986
all_four,166,106.37684677500035,391.9139199999982
all_four,167,111.96073677500034,389.9919999999978
all_four,168,117.54462677500034,388.0700799999974
all_four,169,123.12851677500034,386.148159999997
all_four,170,128.71240677500032,384.2262399999966
all_four,171,134.29629677500031,382.3043199999962
all_four,172,139.8801867750003,380.3823999999958
all_four,173,145.31260677500032,378.5706399999954
all_four,174,150.89649677500034,376.648719999995
all_four,175,156.48038677500037,374.7267999999946
all_four,176,162.0642767750004,372.8048799999942
all_four,177,167.64816677500042,370.88295999999383
all_four,178,170.89961677500045,370.6573599999939
all_four,179,168.21106677500055,374.75175999999396
all_four,180,159.17058619000053,383.46574587999385
all_four,181,167.96147847750058,395.8948685799939
all_four,182,159.80895847750077,399.03999999999985
all_four,183,151.65643847750096,399.03999999999985
all_four,184,143.50391847750114,399.03999999999985
all_four,185,135.35139847750133,399.03999999999985
all_four,186,152.42253847750166,399.03999999999985
all_four,187,143.16121847750142,399.03999999999985
all_four,188,133.89989847750124,399.03999999999985
all_four,189,124.63857847750118,399.03999999999985
all_four,190,115.3772584775012,399.03999999999985
all_four,191,107.08366347750122,399.03999999999985
all_four,192,116.20614847750122,398.34147999999965
all_four,193,123.71333847750122,396.19995999999924
all_four,194,129.22792847750122,394.3284399999988
all_four,195,134.74251847750125,392.4569199999984
all_four,196,140.25710847750128,390.58539999999795
all_four,197,145.77169847750127,388.7138799999975
all_four,198,151.28628847750127,386.8423599999971
all_four,199,156.64940847750128,385.08099999999666
all_four,200,162.1639984775013,383.20947999999623
all_four,201,167.67858847750134,381.3379599999958
all_four,202,173.19317847750136,379.4664399999954
all_four,203,178.7077684775014,377.59491999999494
all_four,204,184.22235847750142,375.7233999999945
all_four,205,189.73694847750144,373.8518799999941
all_four,206,195.25153847750144,371.98035999999365
all_four,207,200.08071847750148,370.60731999999325
all_four,208,199.04200347750134,373.501839999993
all_four,209,191.83905347750124,380.87943999999294
all_four,210,178.7852034775011,392.51223999999263
all_four,211,163.38208347750088,399.30999999999983
all_four,212,147.97896347750066,399.30999999999983
all_four,213,187.6449680339117,399.30999999999983
all_four,214,178.45492803391159,399.03999999999985
all_four,215,169.26488803391146,399.03999999999985
all_four,216,160.07484803391134,399.03999999999985
all_four,217,176.11000803391136,399.03999999999985
all_four,218,167.97596803391127,399.03999999999985
all_four,219,159.8419280339112,399.03999999999985
all_four,220,151.7078880339111,399.03999999999985
all_four,221,152.3808880339111,399.03999999999985
all_four,222,163.8448880339111,397.03839999999946
all_four,223,175.4158080339111,394.95903999999905
all_four,224,187.13819803391112,392.76951999999864
all_four,225,193.44858803391116,390.5799999999982
all_four,226,199.0291780339112,388.6604799999978
all_four,227,204.60976803391122,386.74095999999736
all_four,228,210.19035803391125,384.8214399999969
all_four,229,215.77094803391128,382.9019199999965
all_four,230,221.35153803391128,380.98239999999606
all_four,231,226.93212803391128,379.06287999999563
all_four,232,232.3612480339113,377.2535199999952
all_four,233,237.94183803391132,375.3339999999948
all_four,234,243.52242803391135,373.41447999999434
all_four,235,249.10301803391138,371.4949599999939
all_four,236,254.6836080339114,369.5754399999935
all_four,237,257.88324803391146,369.3875199999931
all_four,238,255.03052303391144,373.6013199999929
all_four,239,260,382.44219999999245
all_four,240,251.86595999999992,394.69371999999214
all_four,241,260,399.03999999999985
all_four,242,252.00852000000015,399.03999999999985
all_four,243,260,399.03999999999985
all_four,244,252.00852000000015,399.03999999999985
all_four,245,244.0170400000003,399.03999999999985
all_four,246,236.02556000000044,399.03999999999985
all_four,247,228.03408000000059,399.03999999999985
all_four,248,220.04260000000073,399.03999999999985
all_four,249,212.05112000000088,399.03999999999985
all_four,250,205.014000000001,399.03999999999985
all_four,251,214.42276000000106,398.24547999999965
all_four,252,226.14515000000108,396.05595999999923
all_four,253,237.8675400000011,393.8664399999988
all_four,254,245.80153000000115,391.6769199999984
all_four,255,251.38212000000118,389.757399999998
all_four,256,256.96271000000115,387.83787999999754
all_four,257,260,385.9183599999971
all_four,258,260,384.1089999999967
all_four,259,260,382.18947999999625
all_four,260,260,380.2699599999958
all_four,261,260,378.3504399999954
all_four,262,260,376.43091999999496
all_four,263,260,374.5113999999945
all_four,264,260,372.5918799999941
all_four,265,260,370.67235999999366
all_four,266,260,369.20331999999325
all_four,267,260,371.320119999993
all_four,268,253.92433000000003,377.87787999999284
all_four,269,242.1180450000001,388.6033599999924
all_four,270,227.98476500000027,399.30999999999983
all_four,271,213.85148500000042,399.30999999999983
all_four,272,199.71820500000058,399.30999999999983
all_four,273,185.58492500000074,399.30999999999983
all_four,274,171.4516450000009,399.30999999999983
all_four,275,157.31836500000105,399.30999999999983
all_four,276,143.1850850000012,399.30999999999983
all_four,277,129.05180500000137,399.30999999999983
all_four,278,114.91852500000132,399.30999999999983
all_four,279,100.78524500000127,399.30999999999983
all_four,280,95.38772500000121,399.30999999999983
all_four,281,100.7099250000012,397.5783999999994
all_four,282,106.1390450000012,395.769039999999
all_four,283,111.71963500000119,393.84951999999856
all_four,284,117.30022500000118,391.92999999999813
all_four,285,122.88081500000116,390.0104799999977
all_four,286,128.46140500000115,388.09095999999727
all_four,287,134.04199500000118,386.17143999999684
all_four,288,139.6225850000012,384.2519199999964
all_four,289,145.2031750000012,382.33239999999597
all_four,290,150.7837650000012,380.41287999999554
all_four,291,156.21288500000122,378.6035199999951
all_four,292,161.79347500000125,376.6839999999947
all_four,293,167.37406500000128,374.76447999999425
all_four,294,172.9546550000013,372.8449599999938
all_four,295,178.53524500000134,370.9254399999934
all_four,296,181.7348850000014,370.737519999993
all_four,297,178.90889000000143,374.9318799999928
all_four,298,169.82758000000157,383.6755599999927
all_four,299,155.69430000000173,396.0933999999922
all_four,300,141.5610200000019,399.30999999999983
all_four,301,127.42774000000202,399.30999999999983
fungal_rotation,2,201.51200000000017,240.74399999999991
fungal_rotation,3,191.13687200000004,250.1331839999998
fungal_rotation,4,180.7617439999999,259.52236799999946
fungal_rotation,5,170.38661599999978,268.9115519999991
fungal_rotation,6,160.01148799999964,278.3007359999988
fungal_rotation,7,149.6363599999995,287.68991999999844
fungal_rotation,8,139.26123199999938,297.0791039999981
fungal_rotation,9,128.88610399999928,306.46828799999776
fungal_rotation,10,118.51097599999936,315.8574719999974
fungal_rotation,11,108.13584799999946,325.2466559999971
fungal_rotation,12,97.76071999999955,334.63583999999673
fungal_rotation,13,87.38559199999965,344.0250239999964
fungal_rotation,14,77.01046399999974,353.41420799999605
fungal_rotation,15,70.29714799999981,360.1402559999957
fungal_rotation,16,75.5622379999998,358.1547359999953
fungal_rotation,17,80.82732799999978,356.1692159999949
fungal_rotation,18,86.09241799999977,354.1836959999945
fungal_rotation,19,91.35750799999975,352.1981759999941
fungal_rotation,20,96.62259799999974,350.2126559999937
fungal_rotation,21,101.88768799999973,348.22713599999327
fungal_rotation,22,107.15277799999971,346.24161599999286
fungal_rotation,23,112.4178679999997,344.25609599999245
fungal_rotation,24,117.53148799999968,342.38073599999205
fungal_rotation,25,122.79657799999967,340.39521599999165
fungal_rotation,26,128.06166799999966,338.40969599999124
fungal_rotation,27,133.3267579999997,336.42417599999084
fungal_rotation,28,138.59184799999974,334.43865599999043
fungal_rotation,29,143.8569379999998,332.45313599999
fungal_rotation,30,148.40955799999986,330.98577599998964
fungal_rotation,31,146.5697644999998,334.1674439999894
fungal_rotation,32,139.25833999999966,341.32847999998916
fungal_rotation,33,128.88321199999956,350.7176639999888
fungal_rotation,34,118.50808399999964,360.1068479999885
fungal_rotation,35,108.13295599999974,369.49603199998813
fungal_rotation,36,97.75782799999983,378.8852159999878
fungal_rotation,37,87.38269999999993,388.27439999998745
fungal_rotation,38,77.00757200000002,397.6635839999871
fungal_rotation,39,66.63244400000012,399.15999999999985
fungal_rotation,40,56.257316000000124,399.15999999999985
fungal_rotation,41,64.58570360000016,399.15999999999985
fungal_rotation,42,58.62993560000023,398.22688000000016
fungal_rotation,43,52.67416760000031,398.22688000000016
fungal_rotation,44,46.71839960000039,398.22688000000016
fungal_rotation,45,51.325552100000465,396.0091600000004
fungal_rotation,46,60.439762100000536,391.22428000000093
fungal_rotation,47,69.5539721000006,386.43940000000146
fungal_rotation,48,78.50780210000067,381.77116000000194
fungal_rotation,49,83.77289210000066,379.78564000000154
fungal_rotation,50,89.03798210000065,377.80012000000113
fungal_rotation,51,94.30307210000063,375.8146000000007
fungal_rotation,52,99.56816210000062,373.8290800000003
fungal_rotation,53,104.8332521000006,371.8435599999999
fungal_rotation,54,109.94687210000059,369.9681999999995
fungal_rotation,55,115.21196210000058,367.9826799999991
fungal_rotation,56,120.47705210000056,365.9971599999987
fungal_rotation,57,125.74214210000055,364.0116399999983
fungal_rotation,58,131.00723210000055,362.0261199999979
fungal_rotation,59,136.2723221000006,360.0405999999975
fungal_rotation,60,137.7793721000007,360.7881999999972
fungal_rotation,61,133.43275010000056,365.79301599999695
fungal_rotation,62,124.19587460000056,374.3543799999968
fungal_rotation,63,114.39098660000067,383.3288439999967
fungal_rotation,64,104.58609860000078,392.3033079999966
fungal_rotation,65,94.78121060000089,399.15999999999985
fungal_rotation,66,111.71746010000072,399.15999999999985
fungal_rotation,67,104.47469210000065,398.22688000000016
fungal_rotation,68,97.23192410000058,398.22688000000016
fungal_rotation,69,109.93957274000073,398.22688000000016
fungal_rotation,70,101.67037274000077,398.22688000000016
fungal_rotation,71,93.40117274000082,398.22688000000016
fungal_rotation,72,165.94963274000034,398.22688000000016
fungal_rotation,73,181.79773034000058,398.5254783999999
fungal_rotation,74,178.56970274000054,397.8802719999999
fungal_rotation,75,187.87639514000057,392.9554047999996
fungal_rotation,76,197.1830875400006,388.0305375999993
fungal_rotation,77,206.48977994000063,383.10567039999904
fungal_rotation,78,215.79647234000063,378.18080319999876
fungal_rotation,79,225.10316474000064,373.2559359999985
fungal_rotation,80,234.25838714000065,368.4412287999982
fungal_rotation,81,243.56507954000068,363.51636159999794
fungal_rotation,82,252.8717719400007,358.59149439999766
fungal_rotation,83,260,353.6666271999974
fungal_rotation,84,260,348.7417599999971
fungal_rotation,85,260,343.8168927999968
fungal_rotation,86,260,338.89202559999654
fungal_rotation,87,260,333.96715839999626
fungal_rotation,88,260,329.042291199996
fungal_rotation,89,260,326.11383039999566
fungal_rotation,90,259.54454000000015,328.2887103999954
fungal_rotation,91,252.3184700000001,335.3876703999951
fungal_rotation,92,243.47375000000005,343.66383039999454
fungal_rotation,93,234.62903,351.939990399994
fungal_rotation,94,225.78430999999995,360.2161503999934
fungal_rotation,95,216.9395899999999,368.49231039999285
fungal_rotation,96,208.09486999999984,376.7684703999923
fungal_rotation,97,199.2501499999998,385.0446303999917
fungal_rotation,98,190.40542999999974,393.32079039999115
fungal_rotation,99,181.5607099999997,399.15999999999985
fungal_rotation,100,172.71598999999964,399.15999999999985
fungal_rotation,101,163.87126999999958,399.15999999999985
fungal_rotation,102,155.02654999999953,399.15999999999985
fungal_rotation,103,146.18182999999948,399.15999999999985
fungal_rotation,104,141.82461499999945,398.74515999999977
fungal_rotation,105,147.2052049999995,396.67563999999936
fungal_rotation,106,152.58579499999954,394.60611999999895
fungal_rotation,107,157.96638499999958,392.53659999999854
fungal_rotation,108,163.34697499999962,390.46707999999813
fungal_rotation,109,168.72756499999966,388.3975599999977
fungal_rotation,110,174.1081549999997,386.3280399999973
fungal_rotation,111,179.4887449999997,384.2585199999969
fungal_rotation,112,184.86933499999972,382.1889999999965
fungal_rotation,113,190.09845499999975,380.2296399999961
fungal_rotation,114,195.4790449999998,378.1601199999957
fungal_rotation,115,200.85963499999983,376.0905999999953
fungal_rotation,116,206.24022499999987,374.02107999999487
fungal_rotation,117,211.6208149999999,371.95155999999446
fungal_rotation,118,217.00140499999995,369.88203999999405
fungal_rotation,119,219.93867500000002,369.5894799999937
fungal_rotation,120,215.91178999999988,374.3617599999936
fungal_rotation,121,207.06706999999983,382.637919999993
fungal_rotation,122,198.23047257874975,390.90817266999255
fungal_rotation,123,189.3857525787497,399.15999999999985
fungal_rotation,124,180.54103257874965,399.15999999999985
fungal_rotation,125,171.6963125787496,399.15999999999985
fungal_rotation,126,162.85159257874955,399.15999999999985
fungal_rotation,127,154.0068725787495,399.15999999999985
fungal_rotation,128,176.5546367787495,399.15999999999985
fungal_rotation,129,169.52401917874937,398.2082175999999
fungal_rotation,130,162.49340157874923,398.2082175999999
fungal_rotation,131,155.4627839787491,398.2082175999999
fungal_rotation,132,149.58690237874902,397.76031999999987
fungal_rotation,133,141.08221437874926,398.22688000000016
fungal_rotation,134,149.5401863787493,393.9192640000007
fungal_rotation,135,157.50882117874946,389.9675296000004
fungal_rotation,136,163.52081997874953,387.4388032
fungal_rotation,137,168.76940997874956,385.4652831999996
fungal_rotation,138,174.0179999787496,383.4917631999992
fungal_rotation,139,179.26658997874964,381.5182431999988
fungal_rotation,140,184.51517997874967,379.5447231999984
fungal_rotation,141,189.7637699787497,377.57120319999797
fungal_rotation,142,194.86088997874975,375.70784319999757
fungal_rotation,143,200.1094799787498,373.73432319999716
fungal_rotation,144,205.35806997874982,371.76080319999676
fungal_rotation,145,210.60665997874986,369.78728319999635
fungal_rotation,146,215.8552499787499,367.81376319999595
fungal_rotation,147,221.10383997874993,365.84024319999554
fungal_rotation,148,225.60695997874998,364.40888319999516
fungal_rotation,149,223.37283297875015,367.877339199995
fungal_rotation,150,214.93496997875025,375.85760319999474
fungal_rotation,151,202.5811619787504,386.6858271999946
fungal_rotation,152,190.22735397875056,397.51405119999447
fungal_rotation,153,177.8735459787507,399.15999999999985
fungal_rotation,154,165.51973797875087,399.15999999999985
fungal_rotation,155,153.16592997875102,399.15999999999985
fungal_rotation,156,140.81212197875118,399.15999999999985
fungal_rotation,157,128.4583139787513,399.15999999999985
fungal_rotation,158,116.10450597875123,399.15999999999985
fungal_rotation,159,103.75069797875116,399.15999999999985
fungal_rotation,160,91.39688997875109,399.15999999999985
fungal_rotation,161,79.04308197875102,399.15999999999985
fungal_rotation,162,66.68927397875095,399.15999999999985
fungal_rotation,163,66.65076897875095,398.22531999999967
fungal_rotation,164,71.89935897875094,396.25179999999926
fungal_rotation,165,77.14794897875093,394.27827999999886
fungal_rotation,166,82.39653897875093,392.30475999999845
fungal_rotation,167,87.64512897875092,390.33123999999805
fungal_rotation,168,92.89371897875091,388.35771999999764
fungal_rotation,169,98.1423089787509,386.38419999999724
fungal_rotation,170,103.3908989787509,384.41067999999683
fungal_rotation,171,108.63948897875089,382.4371599999964
fungal_rotation,172,113.73660897875088,380.573799999996
fungal_rotation,173,118.98519897875087,378.6002799999956
fungal_rotation,174,124.23378897875087,376.6267599999952
fungal_rotation,175,129.48237897875086,374.6532399999948
fungal_rotation,176,134.7309689787509,372.6797199999944
fungal_rotation,177,139.97955897875093,370.706199999994
fungal_rotation,178,141.273890978751,371.60850399999373
fungal_rotation,179,136.1098589787511,377.2077999999937
fungal_rotation,180,124.56537597875116,387.44742399999353
fungal_rotation,181,112.21156797875109,398.2756479999934
fungal_rotation,182,99.85775997875102,399.15999999999985
fungal_rotation,183,87.50395197875095,399.15999999999985
fungal_rotation,184,75.15014397875088,399.15999999999985
fungal_rotation,185,62.79633597875083,399.15999999999985
fungal_rotation,186,50.442527978750874,399.15999999999985
fungal_rotation,187,38.088719978750916,399.15999999999985
fungal_rotation,188,25.734911978750922,399.15999999999985
fungal_rotation,189,13.58421527650612,399.15999999999985
fungal_rotation,190,7.7335020632085545,399.15999999999985
fungal_rotation,191,6.243553522904154,399.15999999999985
fungal_rotation,192,7.054022618115203,398.84294594825644
fungal_rotation,193,12.607452395575818,396.6477242919211
fungal_rotation,194,17.895429910014848,394.6455588268742
fungal_rotation,195,23.144019910014848,392.6720388268738
fungal_rotation,196,28.392609910014848,390.6985188268734
fungal_rotation,197,33.64119991001485,388.724998826873
fungal_rotation,198,38.88978991001484,386.7514788268726
fungal_rotation,199,44.138379910014834,384.7779588268722
fungal_rotation,200,49.38696991001483,382.8044388268718
fungal_rotation,201,54.484089910014816,380.9410788268714
fungal_rotation,202,59.73267991001481,378.96755882687097
fungal_rotation,203,64.9812699100148,376.99403882687056
fungal_rotation,204,70.2298599100148,375.02051882687016
fungal_rotation,205,75.47844991001479,373.04699882686975
fungal_rotation,206,80.72703991001478,371.07347882686935
fungal_rotation,207,85.23015991001478,369.64211882686897
fungal_rotation,208,82.99603291001478,373.1105748268688
fungal_rotation,209,74.55816991001474,381.09083882686855
fungal_rotation,210,62.204361910014704,391.9190628268684
fungal_rotation,211,49.850553910014746,399.15999999999985
fungal_rotation,212,37.49674591001479,399.15999999999985
fungal_rotation,213,130.2295603833649,399.15999999999985
fungal_rotation,214,166.08198931300336,398.22688000000016
fungal_rotation,215,176.8716333140489,398.5254783999999
fungal_rotation,216,167.60567491404885,398.5254783999999
fungal_rotation,217,158.3397165140488,398.5254783999999
fungal_rotation,218,149.74093891404868,398.22688000000016
fungal_rotation,219,141.7066989140485,398.22688000000016
fungal_rotation,220,133.67245891404832,398.22688000000016
fungal_rotation,221,125.63821891404825,398.22688000000016
fungal_rotation,222,129.5958489140483,396.0091600000004
fungal_rotation,223,138.69355891404834,391.2362800000009
fungal_rotation,224,147.79126891404837,386.46340000000134
fungal_rotation,225,260,382.3250416000012
fungal_rotation,226,260,379.39973920000085
fungal_rotation,227,260,376.4744368000005
fungal_rotation,228,260,373.5491344000001
fungal_rotation,229,260,370.62383199999977
fungal_rotation,230,260,367.6985295999994
fungal_rotation,231,260,364.88338719999905
fungal_rotation,232,260,361.9580847999987
fungal_rotation,233,260,359.0327823999983
fungal_rotation,234,260,356.10747999999796
fungal_rotation,235,260,353.1821775999976
fungal_rotation,236,260,350.25687519999724
fungal_rotation,237,260,350.254052799997
fungal_rotation,238,255.73758079999982,355.1976303999969
fungal_rotation,239,245.92720159999993,364.1760879999966
fungal_rotation,240,232.92902240000006,375.4729455999964
fungal_rotation,241,219.9308432000002,386.76980319999626
fungal_rotation,242,206.93266400000033,398.0666607999961
fungal_rotation,243,193.93448480000046,398.84273919999987
fungal_rotation,244,180.9363056000006,398.84273919999987
fungal_rotation,245,165.20382560000047,399.15999999999985
fungal_rotation,246,149.47134560000035,399.15999999999985
fungal_rotation,247,133.73886560000022,399.15999999999985
fungal_rotation,248,118.00638560000026,399.15999999999985
fungal_rotation,249,102.27390560000036,399.15999999999985
fungal_rotation,250,87.45123560000046,399.15999999999985
fungal_rotation,251,90.07929560000046,398.5403199999997
fungal_rotation,252,95.32788560000046,396.5667999999993
fungal_rotation,253,100.57647560000045,394.5932799999989
fungal_rotation,254,105.82506560000044,392.6197599999985
fungal_rotation,255,111.07365560000044,390.6462399999981
fungal_rotation,256,116.32224560000043,388.6727199999977
fungal_rotation,257,121.57083560000042,386.6991999999973
fungal_rotation,258,126.66795560000041,384.8358399999969
fungal_rotation,259,131.91654560000043,382.8623199999965
fungal_rotation,260,137.16513560000047,380.8887999999961
fungal_rotation,261,142.4137256000005,378.9152799999957
fungal_rotation,262,147.66231560000054,376.94175999999527
fungal_rotation,263,152.91090560000058,374.96823999999486
fungal_rotation,264,158.1594956000006,372.99471999999446
fungal_rotation,265,163.40808560000065,371.02119999999405
fungal_rotation,266,167.90526560000072,369.5941599999937
fungal_rotation,267,165.57936560000084,373.1293599999935
fungal_rotation,268,157.56591560000075,380.8009599999932
fungal_rotation,269,144.16043060000067,392.39403999999286
fungal_rotation,270,147.70776500000062,399.15999999999985
fungal_rotation,271,260,398.69344
fungal_rotation,272,247.57336512499998,398.84273919999987
fungal_rotation,273,235.14542592500013,398.84273919999987
fungal_rotation,274,222.71748672500027,398.84273919999987
fungal_rotation,275,210.28954752500042,398.84273919999987
fungal_rotation,276,197.86160832500056,398.84273919999987
fungal_rotation,277,185.4336691250007,398.84273919999987
fungal_rotation,278,173.00572992500085,398.84273919999987
fungal_rotation,279,160.577790725001,398.84273919999987
fungal_rotation,280,150.60913032500105,398.7121024
fungal_rotation,281,156.92585112500086,395.96175999999963
fungal_rotation,282,163.33167192500068,393.1466175999993
fungal_rotation,283,169.88896272500048,390.2213151999989
fungal_rotation,284,176.4462535250003,387.29601279999855
fungal_rotation,285,183.0035443250001,384.3707103999982
fungal_rotation,286,189.5608351249999,381.4454079999978
fungal_rotation,287,196.1181259249997,378.52010559999746
fungal_rotation,288,202.6754167249995,375.5948031999971
fungal_rotation,289,209.2327075249993,372.66950079999674
fungal_rotation,290,215.78999832499912,369.7441983999964
fungal_rotation,291,222.19581912499893,366.929055999996
fungal_rotation,292,228.75310992499874,364.00375359999566
fungal_rotation,293,235.31040072499854,361.0784511999953
fungal_rotation,294,241.86769152499835,358.15314879999494
fungal_rotation,295,248.42498232499815,355.2278463999946
fungal_rotation,296,250.963863124998,355.22502399999433
fungal_rotation,297,246.8083639249979,360.0908415999943
fungal_rotation,298,237.1319073709979,368.97190091199434
fungal_rotation,299,224.70396817099805,379.8540385119944
fungal_rotation,300,212.2760289709982,390.7361761119945
fungal_rotation,301,199.84808977099834,398.84273919999987
algal_rotation,2,201.51200000000017,240.74399999999991
algal_rotation,3,184.86423200000036,254.6951039999999
algal_rotation,4,168.21646400000054,268.64620799999966
algal_rotation,5,151.56869600000073,282.5973119999994
algal_rotation,6,134.9209280000009,296.5484159999992
algal_rotation,7,118.27316000000094,310.49951999999894
algal_rotation,8,101.6253920000009,324.4506239999987
algal_rotation,9,84.97762400000086,338.40172799999846
algal_rotation,10,68.32985600000082,352.3528319999982
algal_rotation,11,51.682088000000775,366.303935999998
algal_rotation,12,35.03432000000073,380.25503999999773
algal_rotation,13,18.38655200000074,394.2061439999975
algal_rotation,14,8.022412475515475,399.15999999999985
algal_rotation,15,12.067121421031478,398.06202985780607
algal_rotation,16,17.389713382191058,396.0346902496896
algal_rotation,17,22.65480338219106,394.0491702496892
algal_rotation,18,27.91989338219106,392.0636502496888
algal_rotation,19,33.184983382191064,390.0781302496884
algal_rotation,20,38.45007338219106,388.092610249688
algal_rotation,21,43.71516338219105,386.1070902496876
algal_rotation,22,48.82878338219104,384.2317302496872
algal_rotation,23,54.09387338219103,382.2462102496868
algal_rotation,24,59.358963382191014,380.2606902496864
algal_rotation,25,64.624053382191,378.27517024968597
algal_rotation,26,69.88914338219098,376.28965024968556
algal_rotation,27,75.15423338219097,374.30413024968516
algal_rotation,28,80.41932338219095,372.31861024968475
algal_rotation,29,85.68441338219094,370.33309024968435
algal_rotation,30,90.21459338219091,368.88205024968397
algal_rotation,31,88.15917788219085,372.22053424968374
algal_rotation,32,79.68009788219085,380.23077424968346
algal_rotation,33,65.50307288219082,392.3849742496832
algal_rotation,34,48.85530488219078,399.15999999999985
algal_rotation,35,32.207536882190745,399.15999999999985
algal_rotation,36,15.559768882190754,399.15999999999985
algal_rotation,37,6.8913096539804375,399.15999999999985
algal_rotation,38,5.275483265348301,399.15999999999985
algal_rotation,39,4.9819011648051506,399.15999999999985
algal_rotation,40,4.928559759833858,399.15999999999985
algal_rotation,41,4.918868074002032,399.15999999999985
algal_rotation,42,4.917107175984565,399.15999999999985
algal_rotation,43,4.916787235585989,399.15999999999985
algal_rotation,44,6.944561643354171,398.7344793248545
algal_rotation,45,12.406628070416064,396.60570374153633
algal_rotation,46,17.579973114739758,394.68690734566417
algal_rotation,47,22.84506311473976,392.70138734566376
algal_rotation,48,28.11015311473976,390.71586734566336
algal_rotation,49,33.37524311473976,388.73034734566295
algal_rotation,50,38.64033311473975,386.74482734566254
algal_rotation,51,43.90542311473973,384.75930734566214
algal_rotation,52,49.17051311473972,382.77378734566173
algal_rotation,53,54.43560311473971,380.7882673456613
algal_rotation,54,59.70069311473971,378.8027473456609
algal_rotation,55,64.81431311473969,376.9273873456605
algal_rotation,56,70.07940311473968,374.9418673456601
algal_rotation,57,75.34449311473966,372.9563473456597
algal_rotation,58,80.60958311473965,370.9708273456593
algal_rotation,59,85.87467311473964,368.9853073456589
algal_rotation,60,87.38172311473959,369.7329073456586
algal_rotation,61,108.30496298629272,375.1980193456583
algal_rotation,62,98.37043448629272,384.26676734565797
algal_rotation,63,109.58075386209566,396.97371134565753
algal_rotation,64,95.35650586209567,399.15999999999985
algal_rotation,65,81.13225786209568,399.15999999999985
algal_rotation,66,86.00961124669766,399.15999999999985
algal_rotation,67,71.35768324669766,399.15999999999985
algal_rotation,68,56.70575524669766,399.15999999999985
algal_rotation,69,42.053827246697665,399.15999999999985
algal_rotation,70,27.401899246697667,399.15999999999985
algal_rotation,71,13.061170077211763,399.15999999999985
algal_rotation,72,6.9134955118411945,399.15999999999985
algal_rotation,73,5.832307173210471,399.13794628044997
algal_rotation,74,10.454214099902648,397.62019578830996
algal_rotation,75,15.848606510355205,395.54063767161676
algal_rotation,76,21.113696510355208,393.55511767161636
algal_rotation,77,26.37878651035521,391.56959767161595
algal_rotation,78,31.64387651035521,389.58407767161555
algal_rotation,79,36.9089665103552,387.59855767161514
algal_rotation,80,42.17405651035519,385.61303767161473
algal_rotation,81,47.28767651035518,383.73767767161434
algal_rotation,82,52.55276651035517,381.75215767161393
algal_rotation,83,57.817856510355156,379.7666376716135
algal_rotation,84,63.08294651035514,377.7811176716131
algal_rotation,85,68.34803651035513,375.7955976716127
algal_rotation,86,73.61312651035512,373.8100776716123
algal_rotation,87,78.8782165103551,371.8245576716119
algal_rotation,88,84.14330651035509,369.8390376716115
algal_rotation,89,88.67348651035506,368.3879976716111
algal_rotation,90,86.849731010355,371.5580016716109
algal_rotation,91,80.04573101035504,378.35000167161064
algal_rotation,92,67.77544601035505,389.11748167161073
algal_rotation,93,79.84189877891477,399.15999999999985
algal_rotation,94,65.28897077891472,399.15999999999985
algal_rotation,95,151.69855987225284,399.15999999999985
algal_rotation,96,134.65663987225273,399.15999999999985
algal_rotation,97,117.61471987225276,399.15999999999985
algal_rotation,98,124.33613139827347,399.15999999999985
algal_rotation,99,107.32272339827344,399.15999999999985
algal_rotation,100,90.30931539827341,399.15999999999985
algal_rotation,101,73.29590739827339,399.15999999999985
algal_rotation,102,56.28249939827336,399.15999999999985
algal_rotation,103,48.354915398273334,399.15999999999985
algal_rotation,104,53.36108739827333,397.36278399999946
algal_rotation,105,58.392207398273314,395.54742399999907
algal_rotation,106,63.574797398273304,393.62190399999866
algal_rotation,107,68.7573873982733,391.69638399999826
algal_rotation,108,73.93997739827329,389.77086399999786
algal_rotation,109,79.12256739827328,387.84534399999745
algal_rotation,110,84.30515739827327,385.91982399999705
algal_rotation,111,89.48774739827326,383.99430399999665
algal_rotation,112,94.67033739827325,382.06878399999624
algal_rotation,113,99.85292739827324,380.14326399999584
algal_rotation,114,104.88404739827322,378.32790399999544
algal_rotation,115,110.06663739827322,376.40238399999504
algal_rotation,116,115.2492273982732,374.47686399999463
algal_rotation,117,120.4318173982732,372.55134399999423
algal_rotation,118,125.61440739827319,370.6258239999938
algal_rotation,119,126.05073939827318,372.1521279999936
algal_rotation,120,120.18413739827318,378.26238399999363
algal_rotation,121,108.61473939827313,388.5201279999932
algal_rotation,122,91.6013313982731,399.15999999999985
algal_rotation,123,74.58792339827308,399.15999999999985
algal_rotation,124,93.097695398273,399.15999999999985
algal_rotation,125,76.08428739827298,399.15999999999985
algal_rotation,126,59.07087939827295,399.15999999999985
algal_rotation,127,42.057471398272924,399.15999999999985
algal_rotation,128,25.044063398272897,399.15999999999985
algal_rotation,129,10.031012466279044,399.15999999999985
algal_rotation,130,5.774226664238552,399.15999999999985
algal_rotation,131,5.0229725156369485,399.15999999999985
algal_rotation,132,5.084579933153007,399.1336462547476
algal_rotation,133,9.72991213827072,397.5988591964799
algal_rotation,134,15.106110352314902,395.53253322262924
algal_rotation,135,20.288700352314905,393.60701322262884
algal_rotation,136,25.471290352314906,391.68149322262843
algal_rotation,137,30.653880352314907,389.75597322262803
algal_rotation,138,35.836470352314905,387.8304532226276
algal_rotation,139,41.019060352314895,385.9049332226272
algal_rotation,140,46.05018035231488,384.0895732226268
algal_rotation,141,51.23277035231487,382.1640532226264
algal_rotation,142,56.41536035231486,380.238533222626
algal_rotation,143,61.597950352314854,378.3130132226256
algal_rotation,144,66.78054035231484,376.3874932226252
algal_rotation,145,71.96313035231483,374.4619732226248
algal_rotation,146,77.14572035231483,372.5364532226244
algal_rotation,147,82.32831035231482,370.610933222624
algal_rotation,148,86.6934903523148,369.2798932226236
algal_rotation,149,83.48998835231477,373.4533492226235
algal_rotation,150,75.05394035231475,381.4322932226234
algal_rotation,151,60.458112352314735,393.89107722262304
algal_rotation,152,43.44470435231471,399.15999999999985
algal_rotation,153,26.431296352314682,399.15999999999985
algal_rotation,154,10.78762511796904,399.15999999999985
algal_rotation,155,5.907915394182467,399.15999999999985
algal_rotation,156,5.046566423731526,399.15999999999985
algal_rotation,157,4.8945522004330915,399.15999999999985
algal_rotation,158,39.58810274368771,399.15999999999985
algal_rotation,159,24.686694743687735,399.15999999999985
algal_rotation,160,11.044491198670972,399.15999999999985
algal_rotation,161,6.42434815258775,399.15999999999985
algal_rotation,162,7.7791910850611625,398.76407331778597
algal_rotation,163,13.267478858839276,396.6162276641288
algal_rotation,164,18.451638420145446,394.6895661649967
algal_rotation,165,23.766228420145445,392.66804616499627
algal_rotation,166,29.080818420145444,390.64652616499586
algal_rotation,167,34.39540842014544,388.62500616499545
algal_rotation,168,39.70999842014543,386.60348616499505
algal_rotation,169,45.02458842014542,384.58196616499464
algal_rotation,170,50.33917842014541,382.56044616499423
algal_rotation,171,55.653768420145404,380.5389261649938
algal_rotation,172,60.9683584201454,378.5174061649934
algal_rotation,173,66.1314784201454,376.606046164993
algal_rotation,174,71.4460684201454,374.5845261649926
algal_rotation,175,76.76065842014539,372.5630061649922
algal_rotation,176,82.07524842014539,370.5414861649918
algal_rotation,177,87.38983842014538,368.5199661649914
algal_rotation,178,89.54217042014544,368.7982701649911
algal_rotation,179,85.7875684201455,373.3725261649911
algal_rotation,180,76.34047483514547,382.086776044991
algal_rotation,181,85.0333494307356,394.7678000449905
algal_rotation,182,70.03294143073549,399.15999999999985
algal_rotation,183,55.03253343073546,399.15999999999985
algal_rotation,184,40.03212543073547,399.15999999999985
algal_rotation,185,25.031717430735476,399.15999999999985
algal_rotation,186,11.193381370866048,399.15999999999985
algal_rotation,187,6.431590508741411,399.15999999999985
algal_rotation,188,25.010916034103044,399.15999999999985
algal_rotation,189,11.162711927096513,399.15999999999985
algal_rotation,190,6.418425426256744,399.15999999999985
algal_rotation,191,5.672819879422654,399.1249166131933
algal_rotation,192,10.379238173411228,397.54570330847406
algal_rotation,193,15.813011593536208,395.43750445747366
algal_rotation,194,21.12760159353621,393.41598445747326
algal_rotation,195,26.442191593536208,391.39446445747285
algal_rotation,196,31.756781593536207,389.37294445747244
algal_rotation,197,37.0713715935362,387.35142445747204
algal_rotation,198,42.385961593536194,385.3299044574716
algal_rotation,199,47.54908159353619,383.4185444574712
algal_rotation,200,52.863671593536175,381.3970244574708
algal_rotation,201,58.17826159353616,379.3755044574704
algal_rotation,202,63.49285159353615,377.35398445747
algal_rotation,203,68.80744159353614,375.3324644574696
algal_rotation,204,74.12203159353614,373.3109444574692
algal_rotation,205,79.43662159353613,371.2894244574688
algal_rotation,206,109.59446429548748,369.2679044574684
algal_rotation,207,114.12464429548746,367.816864457468
algal_rotation,208,112.22782679548739,371.0400044574678
algal_rotation,209,105.0585167954874,378.0976844574675
algal_rotation,210,91.69230179548732,389.6622044574675
algal_rotation,211,75.87138179548722,399.15999999999985
algal_rotation,212,60.05185531948714,399.15999999999985
algal_rotation,213,44.23093531948714,399.15999999999985
algal_rotation,214,28.410015319487137,399.15999999999985
algal_rotation,215,12.922421685163751,399.15999999999985
algal_rotation,216,6.575467183016938,399.15999999999985
algal_rotation,217,5.344131266165054,399.15999999999985
algal_rotation,218,5.105246909956633,399.15999999999985
algal_rotation,219,5.058902338292543,399.15999999999985
algal_rotation,220,5.049911296112894,399.15999999999985
algal_rotation,221,7.070676078468138,398.74878403876863
algal_rotation,222,12.576545288971914,396.58815188567456
algal_rotation,223,17.742865877887205,394.6744641846449
algal_rotation,224,23.007955877887206,392.68894418464447
algal_rotation,225,28.273045877887206,390.70342418464406
algal_rotation,226,33.53813587788721,388.71790418464366
algal_rotation,227,38.80322587788719,386.73238418464325
algal_rotation,228,44.06831587788718,384.74686418464285
algal_rotation,229,49.33340587788717,382.76134418464244
algal_rotation,230,54.59849587788716,380.77582418464203
algal_rotation,231,59.863585877887154,378.7903041846416
algal_rotation,232,64.97720587788714,376.91494418464123
algal_rotation,233,70.24229587788713,374.9294241846408
algal_rotation,234,75.50738587788712,372.9439041846404
algal_rotation,235,80.7724758778871,370.95838418464
algal_rotation,236,86.03756587788709,368.9728641846396
algal_rotation,237,87.54461587788704,369.7204641846393
algal_rotation,238,82.96069087788707,374.89786418463905
algal_rotation,239,72.63946837788704,384.24784418463895
algal_rotation,240,56.818548377887005,397.597604184639
algal_rotation,241,40.99832962788699,399.15999999999985
algal_rotation,242,25.177409627886988,399.15999999999985
algal_rotation,243,10.771697334288517,399.15999999999985
algal_rotation,244,6.158217596686224,399.15999999999985
algal_rotation,245,5.263183088300091,399.15999999999985
algal_rotation,246,5.089542622368763,399.15999999999985
algal_rotation,247,5.0558556403291375,399.15999999999985
algal_rotation,248,5.049320223870472,399.15999999999985
algal_rotation,249,5.048052325539954,399.15999999999985
algal_rotation,250,5.254126477401202,399.1245588360387
algal_rotation,251,9.974361880328974,397.5352967248182
algal_rotation,252,15.39346685346147,395.4377658352669
algal_rotation,253,20.65855685346147,393.45224583526647
algal_rotation,254,25.92364685346147,391.46672583526606
algal_rotation,255,31.18873685346147,389.48120583526565
algal_rotation,256,36.453826853461464,387.49568583526525
algal_rotation,257,41.71891685346146,385.51016583526484
algal_rotation,258,46.83253685346145,383.63480583526444
algal_rotation,259,52.097626853461435,381.64928583526404
algal_rotation,260,57.36271685346142,379.66376583526363
algal_rotation,261,62.62780685346141,377.6782458352632
algal_rotation,262,67.8928968534614,375.6927258352628
algal_rotation,263,73.15798685346138,373.7072058352624
algal_rotation,264,78.42307685346137,371.721685835262
algal_rotation,265,83.68816685346135,369.7361658352616
algal_rotation,266,88.21834685346133,368.2851258352612
algal_rotation,267,86.32152935346126,371.508265835261
algal_rotation,268,79.15221935346128,378.5659458352607
algal_rotation,269,65.7860043534612,390.13046583526074
algal_rotation,270,93.22410921593632,399.15999999999985
algal_rotation,271,76.40526921593641,399.15999999999985
algal_rotation,272,59.58642921593646,399.15999999999985
algal_rotation,273,42.76758921593644,399.15999999999985
algal_rotation,274,25.948749215936417,399.15999999999985
algal_rotation,275,145.61071640855928,399.15999999999985
algal_rotation,276,129.78979640855917,399.15999999999985
algal_rotation,277,141.00745103054842,399.15999999999985
algal_rotation,278,122.90953103054835,399.15999999999985
algal_rotation,279,104.81161103054842,399.15999999999985
algal_rotation,280,201.87845368176653,399.0393999999998
algal_rotation,281,207.09008368176652,397.0927599999993
algal_rotation,282,212.45318368176652,395.03595999999885
algal_rotation,283,217.90538368176652,392.9143599999984
algal_rotation,284,223.35758368176653,390.79275999999794
algal_rotation,285,228.80978368176653,388.6711599999975
algal_rotation,286,234.26198368176654,386.54955999999703
algal_rotation,287,239.71418368176654,384.4279599999966
algal_rotation,288,245.16638368176655,382.3063599999961
algal_rotation,289,250.61858368176655,380.18475999999566
algal_rotation,290,256.07078368176656,378.0631599999952
algal_rotation,291,260,376.00635999999474
algal_rotation,292,260,373.8847599999943
algal_rotation,293,260,371.76315999999383
algal_rotation,294,260,369.6415599999934
algal_rotation,295,260,367.5199599999929
algal_rotation,296,260,368.04075999999253
algal_rotation,297,255.81751999999997,372.9261999999921
algal_rotation,298,244.50131614999984,382.999802799992
algal_rotation,299,226.40339614999968,398.005562799992
algal_rotation,300,208.31243619649953,399.15999999999985
algal_rotation,301,190.21451619649937,399.15999999999985
